{
  "request_throughput": {
    "unit": "requests/sec",
    "avg": 0.26442058225966625
  },
  "request_latency": {
    "unit": "ms",
    "avg": 30111.073721928,
    "p1": 22362.7980173,
    "p5": 27694.445531450005,
    "p10": 27994.3563837,
    "p25": 29746.3872145,
    "p50": 29905.261745,
    "p75": 31610.2217225,
    "p90": 32283.075582999998,
    "p95": 33539.48953935,
    "p99": 35660.454709509984,
    "min": 12493.662701,
    "max": 39625.109454,
    "std": 2592.0411190586537
  },
  "request_count": {
    "unit": "requests",
    "avg": 500.0
  },
  "time_to_first_token": {
    "unit": "ms",
    "avg": 7148.245104055999,
    "p1": 1944.5724125099998,
    "p5": 3745.7896186,
    "p10": 3764.0082963,
    "p25": 5590.820854,
    "p50": 7397.190740499999,
    "p75": 9085.7488335,
    "p90": 9298.176386899999,
    "p95": 9747.440965599999,
    "p99": 14695.530653459999,
    "min": 76.903705,
    "max": 14806.610485,
    "std": 2335.5250497713946
  },
  "time_to_second_token": {
    "unit": "ms",
    "avg": 1360.1717518399998,
    "p1": 28.676310989999998,
    "p5": 29.19879395,
    "p10": 29.727684399999998,
    "p25": 56.13195825,
    "p50": 1848.0371599999999,
    "p75": 1857.25990125,
    "p90": 1958.6069751999999,
    "p95": 2008.6244193999999,
    "p99": 2078.0600258699997,
    "min": 22.065379,
    "max": 2133.418349,
    "std": 833.0819609110613
  },
  "inter_token_latency": {
    "unit": "ms",
    "avg": 45.04086756010358,
    "p1": 29.578720349256358,
    "p5": 37.54418074540117,
    "p10": 40.292335179060665,
    "p25": 41.73366443639921,
    "p50": 44.12596881409002,
    "p75": 47.49952671722114,
    "p90": 51.099949019373774,
    "p95": 53.39380033454011,
    "p99": 57.87932706056751,
    "min": 21.334679103718198,
    "max": 62.54502329780564,
    "std": 5.06799373583009
  },
  "output_token_throughput": {
    "unit": "tokens/sec",
    "avg": 135.05334123028908
  },
  "output_token_throughput_per_user": {
    "unit": "tokens/sec/user",
    "avg": 22.516168744578646,
    "p1": 17.277327891417297,
    "p5": 18.72877413149727,
    "p10": 19.569491205859574,
    "p25": 21.05284159648164,
    "p50": 22.662392572389102,
    "p75": 23.961474254346427,
    "p90": 24.81861621759237,
    "p95": 26.635311506606506,
    "p99": 33.80808874332271,
    "min": 15.988482332775538,
    "max": 46.87204317151976,
    "std": 2.90267664502584
  },
  "output_sequence_length": {
    "unit": "tokens",
    "avg": 510.752,
    "p1": 511.0,
    "p5": 512.0,
    "p10": 512.0,
    "p25": 512.0,
    "p50": 512.0,
    "p75": 512.0,
    "p90": 512.0,
    "p95": 512.0,
    "p99": 512.0,
    "min": 170.0,
    "max": 513.0,
    "std": 17.953119394690162
  },
  "input_sequence_length": {
    "unit": "tokens",
    "avg": 8192.0,
    "p1": 8192.0,
    "p5": 8192.0,
    "p10": 8192.0,
    "p25": 8192.0,
    "p50": 8192.0,
    "p75": 8192.0,
    "p90": 8192.0,
    "p95": 8192.0,
    "p99": 8192.0,
    "min": 8192.0,
    "max": 8192.0,
    "std": 0.0
  },
  "goodput": null,
  "good_request_count": null,
  "output_token_count": {
    "unit": "tokens",
    "avg": 510.752,
    "p1": 511.0,
    "p5": 512.0,
    "p10": 512.0,
    "p25": 512.0,
    "p50": 512.0,
    "p75": 512.0,
    "p90": 512.0,
    "p95": 512.0,
    "p99": 512.0,
    "min": 170.0,
    "max": 513.0,
    "std": 17.953119394690162
  },
  "reasoning_token_count": null,
  "min_request_timestamp": {
    "unit": "ns",
    "avg": 1.7660486953966692e18
  },
  "max_response_timestamp": {
    "unit": "ns",
    "avg": 1.7660505863235996e18
  },
  "inter_chunk_latency": {
    "unit": "ms",
    "avg": 45.04705938941289,
    "p1": 27.580969749999998,
    "p5": 28.765199749999997,
    "p10": 29.05201,
    "p25": 29.30603275,
    "p50": 29.752339,
    "p75": 30.160860749999998,
    "p90": 31.457258,
    "p95": 32.767653249999995,
    "p99": 45.556803249999994,
    "min": 0.01385,
    "max": 2133.8174249999997,
    "std": 166.57658879895982
  },
  "total_output_tokens": {
    "unit": "tokens",
    "avg": 255376.0
  },
  "total_reasoning_tokens": null,
  "benchmark_duration": {
    "unit": "sec",
    "avg": 1890.926930601
  },
  "total_isl": {
    "unit": "tokens",
    "avg": 4096000.0
  },
  "total_osl": {
    "unit": "tokens",
    "avg": 255376.0
  },
  "error_request_count": null,
  "error_isl": null,
  "total_error_isl": null,
  "telemetry_data": {
    "summary": {
      "endpoints_configured": [],
      "endpoints_successful": [],
      "start_time": "2025-12-18T09:04:55.391233",
      "end_time": "2025-12-18T09:36:26.332228"
    },
    "endpoints": {}
  },
  "input_config": {
    "endpoint": {
      "model_names": [
        "holtmann/gemma-3-12b-it-NVFP4"
      ],
      "type": "chat",
      "streaming": true,
      "url": "http://localhost:8000",
      "timeout_seconds": 120.0
    },
    "input": {
      "dataset_sampling_strategy": "shuffle",
      "random_seed": 42,
      "prompt": {
        "input_tokens": {
          "mean": 8192
        },
        "output_tokens": {
          "mean": 512
        }
      }
    },
    "output": {
      "artifact_directory": "/tmp/aiperf_results"
    },
    "loadgen": {
      "concurrency": 8,
      "request_rate_mode": "concurrency_burst",
      "request_count": 500,
      "warmup_request_count": 5
    },
    "cli_command": "aiperf profile --model \"holtmann/gemma-3-12b-it-NVFP4\" --url \"http://localhost:8000\" --output-artifact-dir \"/tmp/aiperf_results\" --random-seed 42 --request-timeout-seconds 120 --endpoint-type \"chat\" --streaming --concurrency 8 --synthetic-input-tokens-mean 8192 --output-tokens-mean 512 --request-count 500 --warmup-request-count 5 --dataset-sampling-strategy \"shuffle\""
  },
  "was_cancelled": false,
  "error_summary": [],
  "start_time": "2025-12-18T09:04:55.391233",
  "end_time": "2025-12-18T09:36:26.332228",
  "time_to_first_output_token": {
    "unit": "ms",
    "avg": 7148.245104055999,
    "p1": 1944.5724125099998,
    "p5": 3745.7896186,
    "p10": 3764.0082963,
    "p25": 5590.820854,
    "p50": 7397.190740499999,
    "p75": 9085.7488335,
    "p90": 9298.176386899999,
    "p95": 9747.440965599999,
    "p99": 14695.530653459999,
    "min": 76.903705,
    "max": 14806.610485,
    "std": 2335.5250497713946
  },
  "prefill_throughput": {
    "unit": "tokens/sec",
    "avg": 1531.9492043947555,
    "p1": 557.4484627402933,
    "p5": 840.425783347138,
    "p10": 881.0329815335687,
    "p25": 901.632340526008,
    "p50": 1107.44746422144,
    "p75": 1465.2589039345205,
    "p90": 2176.403321789519,
    "p95": 2186.9888169813003,
    "p99": 4212.751352235627,
    "min": 553.2663946484575,
    "max": 106522.82617593001,
    "std": 4744.898100101743
  }
}