{
  "request_throughput": {
    "unit": "requests/sec",
    "avg": 0.0628640757301479
  },
  "request_latency": {
    "unit": "ms",
    "avg": 63466.758955109995,
    "p1": 52073.32592474,
    "p5": 56469.95936835,
    "p10": 59674.7571648,
    "p25": 63634.5526135,
    "p50": 64658.866282999996,
    "p75": 65164.106009749994,
    "p90": 65651.4443872,
    "p95": 66021.40654065,
    "p99": 66596.89779146,
    "min": 17033.329949,
    "max": 66891.73727099999,
    "std": 3786.011787777875
  },
  "request_count": {
    "unit": "requests",
    "avg": 500.0
  },
  "time_to_first_token": {
    "unit": "ms",
    "avg": 50227.44446257,
    "p1": 38811.02690452,
    "p5": 44054.04568775,
    "p10": 47122.469299599994,
    "p25": 50456.8635365,
    "p50": 51194.621407,
    "p75": 51574.153951249995,
    "p90": 51884.46401719999,
    "p95": 52320.6947809,
    "p99": 53081.493673879995,
    "min": 3302.281334,
    "max": 53497.150996,
    "std": 3550.53995082905
  },
  "time_to_second_token": {
    "unit": "ms",
    "avg": 27.502828686,
    "p1": 22.343723719999996,
    "p5": 24.638629249999997,
    "p10": 25.9042818,
    "p25": 26.223411499999997,
    "p50": 26.816093,
    "p75": 28.420038249999998,
    "p90": 30.5775048,
    "p95": 32.6481675,
    "p99": 34.70208614,
    "min": 16.788078,
    "max": 36.948525,
    "std": 2.3841718373040757
  },
  "inter_token_latency": {
    "unit": "ms",
    "avg": 26.55084932524679,
    "p1": 25.995463115068492,
    "p5": 26.030220366438353,
    "p10": 26.05947740841487,
    "p25": 26.383544074336356,
    "p50": 26.584097911937377,
    "p75": 26.767449986666573,
    "p90": 26.92619001917808,
    "p95": 26.96852415988258,
    "p99": 27.02489096142857,
    "min": 25.94206961252446,
    "max": 28.317662138943245,
    "std": 0.312860263739872
  },
  "output_token_throughput": {
    "unit": "tokens/sec",
    "avg": 31.408526700750876
  },
  "output_token_throughput_per_user": {
    "unit": "tokens/sec/user",
    "avg": 37.66881061505874,
    "p1": 37.00292487100704,
    "p5": 37.08026416620721,
    "p10": 37.138562896673655,
    "p25": 37.358807120036616,
    "p50": 37.61647295028729,
    "p75": 37.902414744616635,
    "p90": 38.37375494285967,
    "p95": 38.41688568136964,
    "p99": 38.46825106779733,
    "min": 35.31364966123993,
    "max": 38.54742566557659,
    "std": 0.4440975952142587
  },
  "output_sequence_length": {
    "unit": "tokens",
    "avg": 499.626,
    "p1": 209.55,
    "p5": 428.9,
    "p10": 512.0,
    "p25": 512.0,
    "p50": 512.0,
    "p75": 512.0,
    "p90": 512.0,
    "p95": 512.0,
    "p99": 512.0,
    "min": 64.0,
    "max": 514.0,
    "std": 54.1079488060673
  },
  "input_sequence_length": {
    "unit": "tokens",
    "avg": 32768.06,
    "p1": 32768.0,
    "p5": 32768.0,
    "p10": 32768.0,
    "p25": 32768.0,
    "p50": 32768.0,
    "p75": 32768.0,
    "p90": 32768.0,
    "p95": 32768.0,
    "p99": 32770.0,
    "min": 32768.0,
    "max": 32770.0,
    "std": 0.3411744421846396
  },
  "goodput": null,
  "good_request_count": null,
  "output_token_count": {
    "unit": "tokens",
    "avg": 499.626,
    "p1": 209.55,
    "p5": 428.9,
    "p10": 512.0,
    "p25": 512.0,
    "p50": 512.0,
    "p75": 512.0,
    "p90": 512.0,
    "p95": 512.0,
    "p99": 512.0,
    "min": 64.0,
    "max": 514.0,
    "std": 54.1079488060673
  },
  "reasoning_token_count": null,
  "min_request_timestamp": {
    "unit": "ns",
    "avg": 1.766244546447021e18
  },
  "max_response_timestamp": {
    "unit": "ns",
    "avg": 1.7662525001152202e18
  },
  "inter_chunk_latency": {
    "unit": "ms",
    "avg": 26.551592761989948,
    "p1": 20.02243536,
    "p5": 22.881854999999998,
    "p10": 24.619937999999998,
    "p25": 26.015323,
    "p50": 26.277714,
    "p75": 26.690064,
    "p90": 29.320209,
    "p95": 31.098532199999994,
    "p99": 34.01032084,
    "min": 0.037018999999999996,
    "max": 578.2450779999999,
    "std": 2.548171872002315
  },
  "total_output_tokens": {
    "unit": "tokens",
    "avg": 249813.0
  },
  "total_reasoning_tokens": null,
  "benchmark_duration": {
    "unit": "sec",
    "avg": 7953.668199089
  },
  "total_isl": {
    "unit": "tokens",
    "avg": 16384030.0
  },
  "total_osl": {
    "unit": "tokens",
    "avg": 249813.0
  },
  "error_request_count": null,
  "error_isl": null,
  "total_error_isl": null,
  "telemetry_data": {
    "summary": {
      "endpoints_configured": [],
      "endpoints_successful": [],
      "start_time": "2025-12-20T15:29:06.444030",
      "end_time": "2025-12-20T17:41:40.152974"
    },
    "endpoints": {}
  },
  "input_config": {
    "endpoint": {
      "model_names": [
        "holtmann/gemma-3-27b-it-NVFP4"
      ],
      "type": "chat",
      "streaming": true,
      "url": "http://localhost:8000",
      "timeout_seconds": 120.0
    },
    "input": {
      "dataset_sampling_strategy": "shuffle",
      "random_seed": 42,
      "prompt": {
        "input_tokens": {
          "mean": 32768
        },
        "output_tokens": {
          "mean": 512
        }
      }
    },
    "output": {
      "artifact_directory": "/tmp/aiperf_results"
    },
    "loadgen": {
      "concurrency": 4,
      "request_rate_mode": "concurrency_burst",
      "request_count": 500,
      "warmup_request_count": 5
    },
    "cli_command": "aiperf profile --model \"holtmann/gemma-3-27b-it-NVFP4\" --url \"http://localhost:8000\" --output-artifact-dir \"/tmp/aiperf_results\" --random-seed 42 --request-timeout-seconds 120 --endpoint-type \"chat\" --streaming --concurrency 4 --synthetic-input-tokens-mean 32768 --output-tokens-mean 512 --request-count 500 --warmup-request-count 5 --dataset-sampling-strategy \"shuffle\""
  },
  "was_cancelled": false,
  "error_summary": [],
  "start_time": "2025-12-20T15:29:06.444030",
  "end_time": "2025-12-20T17:41:40.152974",
  "time_to_first_output_token": {
    "unit": "ms",
    "avg": 50227.44446257,
    "p1": 38811.02690452,
    "p5": 44054.04568775,
    "p10": 47122.469299599994,
    "p25": 50456.8635365,
    "p50": 51194.621407,
    "p75": 51574.153951249995,
    "p90": 51884.46401719999,
    "p95": 52320.6947809,
    "p99": 53081.493673879995,
    "min": 3302.281334,
    "max": 53497.150996,
    "std": 3550.53995082905
  },
  "prefill_throughput": {
    "unit": "tokens/sec",
    "avg": 672.8579301701428,
    "p1": 617.3149677996267,
    "p5": 626.2913789696242,
    "p10": 631.5570685998827,
    "p25": 635.3570052105135,
    "p50": 640.0672394778451,
    "p75": 649.4260186486516,
    "p90": 695.3795208011275,
    "p95": 743.815061731457,
    "p99": 844.2961349277931,
    "min": 612.5185994007433,
    "max": 9922.837180049904,
    "std": 418.3188002262784
  }
}