{
  "request_throughput": {
    "unit": "requests/sec",
    "avg": 0.08012887732226866
  },
  "request_latency": {
    "unit": "ms",
    "avg": 49788.190644078,
    "p1": 29765.81840336,
    "p5": 34898.88676375,
    "p10": 42585.770008,
    "p25": 49356.933871,
    "p50": 51277.796468,
    "p75": 51433.995853249995,
    "p90": 53061.042017600004,
    "p95": 58371.83063994999,
    "p99": 62786.34601047,
    "min": 24923.182775999998,
    "max": 65464.262462,
    "std": 5707.450179486222
  },
  "request_count": {
    "unit": "requests",
    "avg": 500.0
  },
  "time_to_first_token": {
    "unit": "ms",
    "avg": 29736.134145419997,
    "p1": 20895.7160042,
    "p5": 24405.6814452,
    "p10": 26368.760857799996,
    "p25": 30335.020596,
    "p50": 30430.6542585,
    "p75": 30499.72833875,
    "p90": 30599.723150299997,
    "p95": 31650.70614665,
    "p99": 39081.917101659994,
    "min": 8073.171544,
    "max": 41982.545626,
    "std": 2814.9577852353573
  },
  "time_to_second_token": {
    "unit": "ms",
    "avg": 762.3286588359999,
    "p1": 741.3302820199999,
    "p5": 745.1385789999999,
    "p10": 749.2683897999999,
    "p25": 755.64580225,
    "p50": 761.941373,
    "p75": 767.53689475,
    "p90": 771.3232037,
    "p95": 772.8127895,
    "p99": 774.02814196,
    "min": 19.331595,
    "max": 3563.361802,
    "std": 138.01282660616215
  },
  "inter_token_latency": {
    "unit": "ms",
    "avg": 44.16312389578707,
    "p1": 30.33612326956433,
    "p5": 40.40841165988258,
    "p10": 40.55626813268101,
    "p25": 40.76678148630137,
    "p50": 40.90919304662714,
    "p75": 41.2228098405088,
    "p90": 54.64736635949119,
    "p95": 62.798454217796596,
    "p99": 87.57005242114283,
    "min": 17.500857021526418,
    "max": 203.92478442307691,
    "std": 11.733283364375856
  },
  "output_token_throughput": {
    "unit": "tokens/sec",
    "avg": 37.85608680213261
  },
  "output_token_throughput_per_user": {
    "unit": "tokens/sec/user",
    "avg": 23.44431639307672,
    "p1": 11.419512889093141,
    "p5": 15.923960537163973,
    "p10": 18.29914377630308,
    "p25": 24.258414405529848,
    "p50": 24.444383414913077,
    "p75": 24.52977555934065,
    "p90": 24.657101015533577,
    "p95": 24.747322736057527,
    "p99": 32.96400593959569,
    "min": 4.903768822554342,
    "max": 57.14005884226007,
    "std": 3.6357633910087106
  },
  "output_sequence_length": {
    "unit": "tokens",
    "avg": 472.44,
    "p1": 44.95,
    "p5": 91.95,
    "p10": 366.9,
    "p25": 512.0,
    "p50": 512.0,
    "p75": 512.0,
    "p90": 512.0,
    "p95": 512.0,
    "p99": 512.0,
    "min": 30.0,
    "max": 513.0,
    "std": 112.00099285274216
  },
  "input_sequence_length": {
    "unit": "tokens",
    "avg": 65536.16,
    "p1": 65536.0,
    "p5": 65536.0,
    "p10": 65536.0,
    "p25": 65536.0,
    "p50": 65536.0,
    "p75": 65536.0,
    "p90": 65536.0,
    "p95": 65538.0,
    "p99": 65538.0,
    "min": 65536.0,
    "max": 65538.0,
    "std": 0.5425863986500215
  },
  "goodput": null,
  "good_request_count": null,
  "output_token_count": {
    "unit": "tokens",
    "avg": 472.44,
    "p1": 44.95,
    "p5": 91.95,
    "p10": 366.9,
    "p25": 512.0,
    "p50": 512.0,
    "p75": 512.0,
    "p90": 512.0,
    "p95": 512.0,
    "p99": 512.0,
    "min": 30.0,
    "max": 513.0,
    "std": 112.00099285274216
  },
  "reasoning_token_count": null,
  "min_request_timestamp": {
    "unit": "ns",
    "avg": 1.7661841813608545e18
  },
  "max_response_timestamp": {
    "unit": "ns",
    "avg": 1.7661904213085076e18
  },
  "inter_chunk_latency": {
    "unit": "ms",
    "avg": 42.53345374119828,
    "p1": 21.826707,
    "p5": 21.978158,
    "p10": 22.062061999999997,
    "p25": 22.206335,
    "p50": 22.371654,
    "p75": 22.571483,
    "p90": 22.896908999999997,
    "p95": 23.299453,
    "p99": 866.9885813999998,
    "min": 0.02805,
    "max": 6753.098644,
    "std": 134.4157582531238
  },
  "total_output_tokens": {
    "unit": "tokens",
    "avg": 236220.0
  },
  "total_reasoning_tokens": null,
  "benchmark_duration": {
    "unit": "sec",
    "avg": 6239.947653192
  },
  "total_isl": {
    "unit": "tokens",
    "avg": 32768080.0
  },
  "total_osl": {
    "unit": "tokens",
    "avg": 236220.0
  },
  "error_request_count": null,
  "error_isl": null,
  "total_error_isl": null,
  "telemetry_data": {
    "summary": {
      "endpoints_configured": [],
      "endpoints_successful": [],
      "start_time": "2025-12-19T22:43:01.356523",
      "end_time": "2025-12-20T00:27:01.317451"
    },
    "endpoints": {}
  },
  "input_config": {
    "endpoint": {
      "model_names": [
        "holtmann/gemma-3-12b-it-NVFP4"
      ],
      "type": "chat",
      "streaming": true,
      "url": "http://localhost:8000",
      "timeout_seconds": 120.0
    },
    "input": {
      "dataset_sampling_strategy": "shuffle",
      "random_seed": 42,
      "prompt": {
        "input_tokens": {
          "mean": 65536
        },
        "output_tokens": {
          "mean": 512
        }
      }
    },
    "output": {
      "artifact_directory": "/tmp/aiperf_results"
    },
    "loadgen": {
      "concurrency": 4,
      "request_rate_mode": "concurrency_burst",
      "request_count": 500,
      "warmup_request_count": 5
    },
    "cli_command": "aiperf profile --model \"holtmann/gemma-3-12b-it-NVFP4\" --url \"http://localhost:8000\" --output-artifact-dir \"/tmp/aiperf_results\" --random-seed 42 --request-timeout-seconds 120 --endpoint-type \"chat\" --streaming --concurrency 4 --synthetic-input-tokens-mean 65536 --output-tokens-mean 512 --request-count 500 --warmup-request-count 5 --dataset-sampling-strategy \"shuffle\""
  },
  "was_cancelled": false,
  "error_summary": [],
  "start_time": "2025-12-19T22:43:01.356523",
  "end_time": "2025-12-20T00:27:01.317451",
  "time_to_first_output_token": {
    "unit": "ms",
    "avg": 29736.134145419997,
    "p1": 20895.7160042,
    "p5": 24405.6814452,
    "p10": 26368.760857799996,
    "p25": 30335.020596,
    "p50": 30430.6542585,
    "p75": 30499.72833875,
    "p90": 30599.723150299997,
    "p95": 31650.70614665,
    "p99": 39081.917101659994,
    "min": 8073.171544,
    "max": 41982.545626,
    "std": 2814.9577852353573
  },
  "prefill_throughput": {
    "unit": "tokens/sec",
    "avg": 2232.7525760674794,
    "p1": 1676.8905407704117,
    "p5": 2070.6015126823418,
    "p10": 2141.718726329806,
    "p25": 2148.756844782739,
    "p50": 2153.617843486461,
    "p75": 2160.407302413393,
    "p90": 2485.3691170904012,
    "p95": 2685.277281174175,
    "p99": 3136.3380413018276,
    "min": 1561.0296856180446,
    "max": 8117.751449082796,
    "std": 353.3960954001774
  }
}