{
  "request_throughput": {
    "unit": "requests/sec",
    "avg": 0.5531539414980283
  },
  "request_latency": {
    "unit": "ms",
    "avg": 14356.18611387,
    "p1": 12346.2253857,
    "p5": 13708.68657565,
    "p10": 13750.8913667,
    "p25": 14400.252726749999,
    "p50": 14427.1409585,
    "p75": 14453.795430499998,
    "p90": 14528.786691399999,
    "p95": 15107.5070477,
    "p99": 15834.581910269999,
    "min": 6492.753796999999,
    "max": 17213.93048,
    "std": 691.0559017533394
  },
  "request_count": {
    "unit": "requests",
    "avg": 500.0
  },
  "time_to_first_token": {
    "unit": "ms",
    "avg": 2907.3592107659997,
    "p1": 776.57905322,
    "p5": 782.7687817999999,
    "p10": 1435.3445027,
    "p25": 2122.0555827499998,
    "p50": 3440.509815,
    "p75": 4113.004226,
    "p90": 4158.6968054,
    "p95": 4188.0831179,
    "p99": 4917.926944289995,
    "min": 89.30146599999999,
    "max": 5620.881729,
    "std": 1177.803822258372
  },
  "time_to_second_token": {
    "unit": "ms",
    "avg": 462.733862268,
    "p1": 16.85340861,
    "p5": 17.046087749999998,
    "p10": 17.107672100000002,
    "p25": 33.220927249999995,
    "p50": 694.3912419999999,
    "p75": 695.8655395,
    "p90": 696.4372641,
    "p95": 696.73320185,
    "p99": 698.1281829999999,
    "min": 14.798442999999999,
    "max": 709.89018,
    "std": 319.82480185878154
  },
  "inter_token_latency": {
    "unit": "ms",
    "avg": 22.50905978627348,
    "p1": 17.77420795895971,
    "p5": 20.034808010469668,
    "p10": 20.062879486692758,
    "p25": 20.171138032778867,
    "p50": 21.482012062622307,
    "p75": 24.091281050880625,
    "p90": 25.504182161252444,
    "p95": 26.712536616634047,
    "p99": 26.80177940097847,
    "min": 15.065064579256358,
    "max": 61.388762182795695,
    "std": 2.906454123573845
  },
  "output_token_throughput": {
    "unit": "tokens/sec",
    "avg": 282.7014911892803
  },
  "output_token_throughput_per_user": {
    "unit": "tokens/sec/user",
    "avg": 45.003464543039165,
    "p1": 37.31095569695238,
    "p5": 37.43560615738134,
    "p10": 39.20925624256901,
    "p25": 41.50879327777624,
    "p50": 46.55057498226644,
    "p75": 49.575786146481036,
    "p90": 49.84329397531624,
    "p95": 49.91313338472653,
    "p99": 56.26152918881799,
    "min": 16.289626381817673,
    "max": 66.37873968206792,
    "std": 4.8345534761001545
  },
  "output_sequence_length": {
    "unit": "tokens",
    "avg": 511.072,
    "p1": 511.0,
    "p5": 512.0,
    "p10": 512.0,
    "p25": 512.0,
    "p50": 512.0,
    "p75": 512.0,
    "p90": 512.0,
    "p95": 512.0,
    "p99": 513.0,
    "min": 94.0,
    "max": 514.0,
    "std": 18.79432935754825
  },
  "input_sequence_length": {
    "unit": "tokens",
    "avg": 8192.0,
    "p1": 8192.0,
    "p5": 8192.0,
    "p10": 8192.0,
    "p25": 8192.0,
    "p50": 8192.0,
    "p75": 8192.0,
    "p90": 8192.0,
    "p95": 8192.0,
    "p99": 8192.0,
    "min": 8192.0,
    "max": 8192.0,
    "std": 0.0
  },
  "goodput": null,
  "good_request_count": null,
  "output_token_count": {
    "unit": "tokens",
    "avg": 511.072,
    "p1": 511.0,
    "p5": 512.0,
    "p10": 512.0,
    "p25": 512.0,
    "p50": 512.0,
    "p75": 512.0,
    "p90": 512.0,
    "p95": 512.0,
    "p99": 513.0,
    "min": 94.0,
    "max": 514.0,
    "std": 18.79432935754825
  },
  "reasoning_token_count": null,
  "min_request_timestamp": {
    "unit": "ns",
    "avg": 1.7660961462689713e18
  },
  "max_response_timestamp": {
    "unit": "ns",
    "avg": 1.766097050176478e18
  },
  "inter_chunk_latency": {
    "unit": "ms",
    "avg": 22.44568744383886,
    "p1": 16.67547823,
    "p5": 17.1721273,
    "p10": 17.2232143,
    "p25": 17.291459,
    "p50": 17.364155,
    "p75": 17.449029499999998,
    "p90": 17.5857617,
    "p95": 17.8129548,
    "p99": 30.22418173999998,
    "min": 0.013399999999999999,
    "max": 744.7029689999999,
    "std": 58.07498163034371
  },
  "total_output_tokens": {
    "unit": "tokens",
    "avg": 255536.0
  },
  "total_reasoning_tokens": null,
  "benchmark_duration": {
    "unit": "sec",
    "avg": 903.9075065540001
  },
  "total_isl": {
    "unit": "tokens",
    "avg": 4096000.0
  },
  "total_osl": {
    "unit": "tokens",
    "avg": 255536.0
  },
  "error_request_count": null,
  "error_isl": null,
  "total_error_isl": null,
  "telemetry_data": {
    "summary": {
      "endpoints_configured": [],
      "endpoints_successful": [],
      "start_time": "2025-12-18T22:15:46.265574",
      "end_time": "2025-12-18T22:30:50.185802"
    },
    "endpoints": {}
  },
  "input_config": {
    "endpoint": {
      "model_names": [
        "holtmann/gemma-3-12b-it-NVFP4"
      ],
      "type": "chat",
      "streaming": true,
      "url": "http://localhost:8000",
      "timeout_seconds": 120.0
    },
    "input": {
      "dataset_sampling_strategy": "shuffle",
      "random_seed": 42,
      "prompt": {
        "input_tokens": {
          "mean": 8192
        },
        "output_tokens": {
          "mean": 512
        }
      }
    },
    "output": {
      "artifact_directory": "/tmp/aiperf_results"
    },
    "loadgen": {
      "concurrency": 8,
      "request_rate_mode": "concurrency_burst",
      "request_count": 500,
      "warmup_request_count": 5
    },
    "cli_command": "aiperf profile --model \"holtmann/gemma-3-12b-it-NVFP4\" --url \"http://localhost:8000\" --output-artifact-dir \"/tmp/aiperf_results\" --random-seed 42 --request-timeout-seconds 120 --endpoint-type \"chat\" --streaming --concurrency 8 --synthetic-input-tokens-mean 8192 --output-tokens-mean 512 --request-count 500 --warmup-request-count 5 --dataset-sampling-strategy \"shuffle\""
  },
  "was_cancelled": false,
  "error_summary": [],
  "start_time": "2025-12-18T22:15:46.265574",
  "end_time": "2025-12-18T22:30:50.185802",
  "time_to_first_output_token": {
    "unit": "ms",
    "avg": 2907.3592107659997,
    "p1": 776.57905322,
    "p5": 782.7687817999999,
    "p10": 1435.3445027,
    "p25": 2122.0555827499998,
    "p50": 3440.509815,
    "p75": 4113.004226,
    "p90": 4158.6968054,
    "p95": 4188.0831179,
    "p99": 4917.926944289995,
    "min": 89.30146599999999,
    "max": 5620.881729,
    "std": 1177.803822258372
  },
  "prefill_throughput": {
    "unit": "tokens/sec",
    "avg": 3862.3457310594804,
    "p1": 1665.9408093439185,
    "p5": 1956.026176449135,
    "p10": 1969.8478599096345,
    "p25": 1991.7362106480805,
    "p50": 2381.0425431934855,
    "p75": 3860.4079382752916,
    "p90": 5707.341096354618,
    "p95": 10465.41481162408,
    "p99": 10548.829687992811,
    "min": 1457.4225886545066,
    "max": 91734.21632294367,
    "std": 4644.2798144153285
  }
}