{
  "request_throughput": {
    "unit": "requests/sec",
    "avg": 1.9738369321671165
  },
  "request_latency": {
    "unit": "ms",
    "avg": 15793.071746541998,
    "p1": 7845.342762079999,
    "p5": 13337.375779599999,
    "p10": 14736.4338682,
    "p25": 15721.48170425,
    "p50": 16090.0559745,
    "p75": 16433.557866249997,
    "p90": 16852.9479028,
    "p95": 17287.0331404,
    "p99": 18015.47561287,
    "min": 7597.975777,
    "max": 20172.335832,
    "std": 1623.9127113417255
  },
  "request_count": {
    "unit": "requests",
    "avg": 500.0
  },
  "time_to_first_token": {
    "unit": "ms",
    "avg": 7646.015786188,
    "p1": 1056.8088615899999,
    "p5": 1448.8784904000008,
    "p10": 3320.2492253,
    "p25": 7549.0678554999995,
    "p50": 8758.177884499999,
    "p75": 9010.012179,
    "p90": 9259.320112899999,
    "p95": 9540.08576085,
    "p99": 10835.51146588,
    "min": 977.0801849999999,
    "max": 11575.033054,
    "std": 2472.553457732827
  },
  "time_to_second_token": {
    "unit": "ms",
    "avg": 29.815076988,
    "p1": 11.33456549,
    "p5": 22.37623115,
    "p10": 23.0707499,
    "p25": 24.741622,
    "p50": 26.324308499999997,
    "p75": 27.793252749999997,
    "p90": 31.37116520000001,
    "p95": 87.08438559999999,
    "p99": 98.92189187999999,
    "min": 1.312346,
    "max": 101.15312899999999,
    "std": 15.452467215091293
  },
  "inter_token_latency": {
    "unit": "ms",
    "avg": 33.100824333637966,
    "p1": 26.955612282420635,
    "p5": 27.370135438095236,
    "p10": 27.596508673983738,
    "p25": 28.351907244047617,
    "p50": 29.421693095238094,
    "p75": 31.68876606051587,
    "p90": 48.847658758730155,
    "p95": 54.220441192261895,
    "p99": 58.381876115436505,
    "min": 26.476549947580647,
    "max": 62.8854066077348,
    "std": 8.460256931668235
  },
  "output_token_throughput": {
    "unit": "tokens/sec",
    "avg": 487.82590243737417
  },
  "output_token_throughput_per_user": {
    "unit": "tokens/sec/user",
    "avg": 31.650291260059117,
    "p1": 17.12860337543441,
    "p5": 18.4432322834374,
    "p10": 20.47181023273794,
    "p25": 31.55717209929448,
    "p50": 33.98852668131974,
    "p75": 35.270995782334836,
    "p90": 36.23646789431099,
    "p95": 36.53617287582084,
    "p99": 37.09802593112962,
    "min": 15.901940592318624,
    "max": 37.76927137334134,
    "std": 5.710331820255453
  },
  "output_sequence_length": {
    "unit": "tokens",
    "avg": 247.146,
    "p1": 159.99,
    "p5": 220.95,
    "p10": 247.0,
    "p25": 247.0,
    "p50": 253.0,
    "p75": 253.0,
    "p90": 253.0,
    "p95": 253.0,
    "p99": 253.0,
    "min": 120.0,
    "max": 260.0,
    "std": 17.08568652410549
  },
  "input_sequence_length": {
    "unit": "tokens",
    "avg": 256.0,
    "p1": 256.0,
    "p5": 256.0,
    "p10": 256.0,
    "p25": 256.0,
    "p50": 256.0,
    "p75": 256.0,
    "p90": 256.0,
    "p95": 256.0,
    "p99": 256.0,
    "min": 256.0,
    "max": 256.0,
    "std": 0.0
  },
  "goodput": null,
  "good_request_count": null,
  "output_token_count": {
    "unit": "tokens",
    "avg": 59.55294117647059,
    "p1": 1.69,
    "p5": 5.0,
    "p10": 12.0,
    "p25": 28.0,
    "p50": 56.5,
    "p75": 85.75,
    "p90": 111.1,
    "p95": 125.09999999999997,
    "p99": 143.48000000000002,
    "min": 1.0,
    "max": 166.0,
    "std": 37.16228508213605
  },
  "reasoning_token_count": {
    "unit": "tokens",
    "avg": 226.898,
    "p1": 74.98,
    "p5": 118.95,
    "p10": 149.9,
    "p25": 218.75,
    "p50": 253.0,
    "p75": 253.0,
    "p90": 253.0,
    "p95": 253.0,
    "p99": 253.0,
    "min": 55.0,
    "max": 260.0,
    "std": 45.68290266609599
  },
  "min_request_timestamp": {
    "unit": "ns",
    "avg": 1.7662400140688507e18
  },
  "max_response_timestamp": {
    "unit": "ns",
    "avg": 1.766240267382583e18
  },
  "inter_chunk_latency": {
    "unit": "ms",
    "avg": 33.09470520994906,
    "p1": 16.66265734,
    "p5": 21.4915131,
    "p10": 22.590504,
    "p25": 24.4067875,
    "p50": 26.476488,
    "p75": 28.755157999999998,
    "p90": 30.749697400000002,
    "p95": 34.63661949999999,
    "p99": 118.2259292,
    "min": 0.014209999999999999,
    "max": 7163.747853999999,
    "std": 132.28790580706396
  },
  "total_output_tokens": {
    "unit": "tokens",
    "avg": 10124.0
  },
  "total_reasoning_tokens": {
    "unit": "tokens",
    "avg": 113449.0
  },
  "benchmark_duration": {
    "unit": "sec",
    "avg": 253.31373217900003
  },
  "total_isl": {
    "unit": "tokens",
    "avg": 128000.0
  },
  "total_osl": {
    "unit": "tokens",
    "avg": 123573.0
  },
  "error_request_count": null,
  "error_isl": null,
  "total_error_isl": null,
  "telemetry_data": {
    "summary": {
      "endpoints_configured": [],
      "endpoints_successful": [],
      "start_time": "2025-12-20T14:13:34.058191",
      "end_time": "2025-12-20T14:17:47.386124"
    },
    "endpoints": {}
  },
  "input_config": {
    "endpoint": {
      "model_names": [
        "openai/gpt-oss-20b"
      ],
      "type": "chat",
      "streaming": true,
      "url": "http://localhost:8000",
      "timeout_seconds": 120.0
    },
    "input": {
      "dataset_sampling_strategy": "shuffle",
      "random_seed": 42,
      "prompt": {
        "input_tokens": {
          "mean": 256
        },
        "output_tokens": {
          "mean": 256
        }
      }
    },
    "output": {
      "artifact_directory": "/tmp/aiperf_results"
    },
    "loadgen": {
      "concurrency": 32,
      "request_rate_mode": "concurrency_burst",
      "request_count": 500,
      "warmup_request_count": 5
    },
    "cli_command": "aiperf profile --model \"openai/gpt-oss-20b\" --url \"http://localhost:8000\" --output-artifact-dir \"/tmp/aiperf_results\" --random-seed 42 --request-timeout-seconds 120 --endpoint-type \"chat\" --streaming --concurrency 32 --synthetic-input-tokens-mean 256 --output-tokens-mean 256 --request-count 500 --warmup-request-count 5 --dataset-sampling-strategy \"shuffle\""
  },
  "was_cancelled": false,
  "error_summary": [],
  "start_time": "2025-12-20T14:13:34.058191",
  "end_time": "2025-12-20T14:17:47.386124",
  "time_to_first_output_token": {
    "unit": "ms",
    "avg": 13713.408113094118,
    "p1": 5890.4059289,
    "p5": 10489.243217899999,
    "p10": 11473.3497531,
    "p25": 12821.119161749999,
    "p50": 13796.7859005,
    "p75": 15190.166126499998,
    "p90": 15841.934705599999,
    "p95": 16631.054916199995,
    "p99": 17449.785212580002,
    "min": 3424.387472,
    "max": 18015.205865,
    "std": 2239.4590663620183
  },
  "prefill_throughput": {
    "unit": "tokens/sec",
    "avg": 46.78467381392993,
    "p1": 23.626019352901885,
    "p5": 26.83414051667277,
    "p10": 27.647818301667506,
    "p25": 28.412836179611197,
    "p50": 29.229824494949582,
    "p75": 33.91153968495943,
    "p90": 77.10269328240709,
    "p95": 177.06228986282463,
    "p99": 242.23869548351044,
    "min": 22.116567512654637,
    "max": 262.00510861859306,
    "std": 48.20499860886281
  }
}