{
  "request_throughput": {
    "unit": "requests/sec",
    "avg": 0.41071876297612564
  },
  "request_latency": {
    "unit": "ms",
    "avg": 9704.307485792,
    "p1": 1549.6205328199999,
    "p5": 8972.62590865,
    "p10": 9792.008796299999,
    "p25": 9829.47529025,
    "p50": 9849.0040385,
    "p75": 9870.42660375,
    "p90": 9937.8060995,
    "p95": 10710.48622685,
    "p99": 10777.859542459999,
    "min": 1012.659994,
    "max": 11659.851187999999,
    "std": 1155.7217782357732
  },
  "request_count": {
    "unit": "requests",
    "avg": 500.0
  },
  "time_to_first_token": {
    "unit": "ms",
    "avg": 1102.0013952379998,
    "p1": 954.97201549,
    "p5": 961.16482995,
    "p10": 962.3741622999999,
    "p25": 965.20092775,
    "p50": 972.8169919999999,
    "p75": 987.022878,
    "p90": 1624.5624592,
    "p95": 1845.5500907,
    "p99": 2067.94668513,
    "min": 46.298828,
    "max": 3702.965964,
    "std": 331.7575733920565
  },
  "time_to_second_token": {
    "unit": "ms",
    "avg": 40.873122032,
    "p1": 11.256196880000001,
    "p5": 11.7651075,
    "p10": 11.8785019,
    "p25": 12.03587675,
    "p50": 12.181307,
    "p75": 12.423344,
    "p90": 228.35612899999998,
    "p95": 229.2660989,
    "p99": 233.39339044999997,
    "min": 9.574885,
    "max": 240.84906199999998,
    "std": 73.58558545997892
  },
  "inter_token_latency": {
    "unit": "ms",
    "avg": 17.199037081907516,
    "p1": 12.212434210909091,
    "p5": 15.624781291408233,
    "p10": 15.708934240900195,
    "p25": 17.082740010294117,
    "p50": 17.364656769080234,
    "p75": 17.407058091677218,
    "p90": 17.479331650097848,
    "p95": 18.724684567416812,
    "p99": 19.193109037005872,
    "min": 11.304152383561645,
    "max": 44.15267583333333,
    "std": 1.7120486453943422
  },
  "output_token_throughput": {
    "unit": "tokens/sec",
    "avg": 206.0083171335651
  },
  "output_token_throughput_per_user": {
    "unit": "tokens/sec/user",
    "avg": 58.54044947458046,
    "p1": 52.102032981364225,
    "p5": 53.40621666161127,
    "p10": 57.210425462597826,
    "p25": 57.4479613251664,
    "p50": 57.58823879336769,
    "p75": 58.538621181345604,
    "p90": 63.65804230220491,
    "p95": 64.00089631498135,
    "p99": 81.88375845796811,
    "min": 22.64868393876694,
    "max": 88.46306791247677,
    "std": 4.5727310903365845
  },
  "output_sequence_length": {
    "unit": "tokens",
    "avg": 501.58,
    "p1": 48.82000000000001,
    "p5": 511.0,
    "p10": 511.0,
    "p25": 512.0,
    "p50": 512.0,
    "p75": 512.0,
    "p90": 512.0,
    "p95": 512.0,
    "p99": 512.0,
    "min": 4.0,
    "max": 514.0,
    "std": 65.14442109651446
  },
  "input_sequence_length": {
    "unit": "tokens",
    "avg": 8192.0,
    "p1": 8192.0,
    "p5": 8192.0,
    "p10": 8192.0,
    "p25": 8192.0,
    "p50": 8192.0,
    "p75": 8192.0,
    "p90": 8192.0,
    "p95": 8192.0,
    "p99": 8192.0,
    "min": 8192.0,
    "max": 8192.0,
    "std": 0.0
  },
  "goodput": null,
  "good_request_count": null,
  "output_token_count": {
    "unit": "tokens",
    "avg": 501.58,
    "p1": 48.82000000000001,
    "p5": 511.0,
    "p10": 511.0,
    "p25": 512.0,
    "p50": 512.0,
    "p75": 512.0,
    "p90": 512.0,
    "p95": 512.0,
    "p99": 512.0,
    "min": 4.0,
    "max": 514.0,
    "std": 65.14442109651446
  },
  "reasoning_token_count": null,
  "min_request_timestamp": {
    "unit": "ns",
    "avg": 1.7659228333743939e18
  },
  "max_response_timestamp": {
    "unit": "ns",
    "avg": 1.7659240507524273e18
  },
  "inter_chunk_latency": {
    "unit": "ms",
    "avg": 17.179735923490785,
    "p1": 10.79208527,
    "p5": 11.8277121,
    "p10": 11.947069199999998,
    "p25": 12.07248525,
    "p50": 12.1641555,
    "p75": 12.33704,
    "p90": 12.686436299999999,
    "p95": 13.851704299999998,
    "p99": 231.34237044,
    "min": 0.015139999999999999,
    "max": 252.44405999999998,
    "std": 32.24573204595494
  },
  "total_output_tokens": {
    "unit": "tokens",
    "avg": 250790.0
  },
  "total_reasoning_tokens": null,
  "benchmark_duration": {
    "unit": "sec",
    "avg": 1217.3780335160002
  },
  "total_isl": {
    "unit": "tokens",
    "avg": 4096000.0
  },
  "total_osl": {
    "unit": "tokens",
    "avg": 250790.0
  },
  "error_request_count": null,
  "error_isl": null,
  "total_error_isl": null,
  "telemetry_data": {
    "summary": {
      "endpoints_configured": [],
      "endpoints_successful": [],
      "start_time": "2025-12-16T22:07:13.372022",
      "end_time": "2025-12-16T22:27:30.758218"
    },
    "endpoints": {}
  },
  "input_config": {
    "endpoint": {
      "model_names": [
        "RedHatAI/gemma-3-12b-it-quantized.w4a16"
      ],
      "type": "chat",
      "streaming": true,
      "url": "http://localhost:8000",
      "timeout_seconds": 120.0
    },
    "input": {
      "dataset_sampling_strategy": "shuffle",
      "random_seed": 42,
      "prompt": {
        "input_tokens": {
          "mean": 8192
        },
        "output_tokens": {
          "mean": 512
        }
      }
    },
    "output": {
      "artifact_directory": "/tmp/aiperf_results"
    },
    "loadgen": {
      "concurrency": 4,
      "request_rate_mode": "concurrency_burst",
      "request_count": 500,
      "warmup_request_count": 5
    },
    "cli_command": "aiperf profile --model \"RedHatAI/gemma-3-12b-it-quantized.w4a16\" --url \"http://localhost:8000\" --output-artifact-dir \"/tmp/aiperf_results\" --random-seed 42 --request-timeout-seconds 120 --endpoint-type \"chat\" --streaming --concurrency 4 --synthetic-input-tokens-mean 8192 --output-tokens-mean 512 --request-count 500 --warmup-request-count 5"
  },
  "was_cancelled": false,
  "error_summary": [],
  "start_time": "2025-12-16T22:07:13.372022",
  "end_time": "2025-12-16T22:27:30.758218",
  "time_to_first_output_token": {
    "unit": "ms",
    "avg": 1102.0013952379998,
    "p1": 954.97201549,
    "p5": 961.16482995,
    "p10": 962.3741622999999,
    "p25": 965.20092775,
    "p50": 972.8169919999999,
    "p75": 987.022878,
    "p90": 1624.5624592,
    "p95": 1845.5500907,
    "p99": 2067.94668513,
    "min": 46.298828,
    "max": 3702.965964,
    "std": 331.7575733920565
  },
  "prefill_throughput": {
    "unit": "tokens/sec",
    "avg": 8705.531353993047,
    "p1": 3961.4181135375757,
    "p5": 4438.784977393586,
    "p10": 5042.588839321149,
    "p25": 8299.711956428146,
    "p50": 8420.90554735735,
    "p75": 8487.351981323705,
    "p90": 8512.281731486615,
    "p95": 8522.991837353242,
    "p99": 8578.261927802538,
    "min": 2212.280663565937,
    "max": 176937.52420687626,
    "std": 12110.124905248505
  }
}