{
  "request_throughput": {
    "unit": "requests/sec",
    "avg": 19.454465044246934
  },
  "request_latency": {
    "unit": "ms",
    "avg": 3150.358186994,
    "p1": 2296.7836374299995,
    "p5": 2899.0226059,
    "p10": 2988.0078789,
    "p25": 3066.4225402499997,
    "p50": 3135.861204,
    "p75": 3194.98196075,
    "p90": 3566.9540940999996,
    "p95": 3633.4786364499996,
    "p99": 3753.3313357599995,
    "min": 1786.8437749999998,
    "max": 3778.647786,
    "std": 243.39858042247548
  },
  "request_count": {
    "unit": "requests",
    "avg": 500.0
  },
  "time_to_first_token": {
    "unit": "ms",
    "avg": 202.430788286,
    "p1": 63.68289309,
    "p5": 68.9675875,
    "p10": 73.00459790000001,
    "p25": 85.10965575,
    "p50": 142.4923265,
    "p75": 182.2508605,
    "p90": 692.080166,
    "p95": 698.7528654500001,
    "p99": 707.80971775,
    "min": 62.307573999999995,
    "max": 717.760018,
    "std": 195.68667352340432
  },
  "time_to_second_token": {
    "unit": "ms",
    "avg": 13.841108616,
    "p1": 4.7342933,
    "p5": 7.3306664999999995,
    "p10": 8.7934579,
    "p25": 9.850234,
    "p50": 11.411749,
    "p75": 14.511472249999999,
    "p90": 17.2446771,
    "p95": 22.117521,
    "p99": 55.338764859999976,
    "min": 2.498534,
    "max": 151.75400199999999,
    "std": 13.510920716169469
  },
  "inter_token_latency": {
    "unit": "ms",
    "avg": 11.890051168501351,
    "p1": 11.145903433730158,
    "p5": 11.409012285714285,
    "p10": 11.483679946825397,
    "p25": 11.67649434126984,
    "p50": 11.898722774390242,
    "p75": 12.091241089088543,
    "p90": 12.241866996498475,
    "p95": 12.334859236529333,
    "p99": 12.487641898048778,
    "min": 11.144648333333333,
    "max": 12.823341394422311,
    "std": 0.29436621382536093
  },
  "output_token_throughput": {
    "unit": "tokens/sec",
    "avg": 4843.850524576778
  },
  "output_token_throughput_per_user": {
    "unit": "tokens/sec/user",
    "avg": 84.15572838076676,
    "p1": 80.07917014347129,
    "p5": 81.07105085662334,
    "p10": 81.68689222705507,
    "p25": 82.70449597833735,
    "p50": 84.04263374095513,
    "p75": 85.64214316309388,
    "p90": 87.08010604042771,
    "p95": 87.65000641245729,
    "p99": 89.71906189082696,
    "min": 77.9827947523072,
    "max": 89.72916597188873,
    "std": 2.09359274936017
  },
  "output_sequence_length": {
    "unit": "tokens",
    "avg": 248.984,
    "p1": 182.9,
    "p5": 238.55,
    "p10": 247.0,
    "p25": 250.75,
    "p50": 253.0,
    "p75": 253.0,
    "p90": 253.0,
    "p95": 253.0,
    "p99": 253.0,
    "min": 138.0,
    "max": 260.0,
    "std": 13.062608621557947
  },
  "input_sequence_length": {
    "unit": "tokens",
    "avg": 256.0,
    "p1": 256.0,
    "p5": 256.0,
    "p10": 256.0,
    "p25": 256.0,
    "p50": 256.0,
    "p75": 256.0,
    "p90": 256.0,
    "p95": 256.0,
    "p99": 256.0,
    "min": 256.0,
    "max": 256.0,
    "std": 0.0
  },
  "goodput": null,
  "good_request_count": null,
  "output_token_count": {
    "unit": "tokens",
    "avg": 48.90756302521008,
    "p1": 2.36,
    "p5": 7.0,
    "p10": 10.0,
    "p25": 27.0,
    "p50": 43.0,
    "p75": 68.5,
    "p90": 97.40000000000002,
    "p95": 112.0,
    "p99": 126.73999999999995,
    "min": 1.0,
    "max": 129.0,
    "std": 31.437276914126
  },
  "reasoning_token_count": {
    "unit": "tokens",
    "avg": 237.344,
    "p1": 110.92,
    "p5": 147.85000000000002,
    "p10": 187.0,
    "p25": 250.75,
    "p50": 253.0,
    "p75": 253.0,
    "p90": 253.0,
    "p95": 253.0,
    "p99": 253.0,
    "min": 79.0,
    "max": 260.0,
    "std": 34.318648924455054
  },
  "min_request_timestamp": {
    "unit": "ns",
    "avg": 1.7672225580031892e18
  },
  "max_response_timestamp": {
    "unit": "ns",
    "avg": 1.76722258370423e18
  },
  "inter_chunk_latency": {
    "unit": "ms",
    "avg": 11.95021727679136,
    "p1": 6.453865309999999,
    "p5": 8.4622945,
    "p10": 9.2599139,
    "p25": 10.34822775,
    "p50": 11.0503365,
    "p75": 13.053223,
    "p90": 15.081097100000001,
    "p95": 16.732219049999998,
    "p99": 22.566735399999985,
    "min": 0.012119999999999999,
    "max": 199.23496799999998,
    "std": 4.6278340460071234
  },
  "total_output_tokens": {
    "unit": "tokens",
    "avg": 5820.0
  },
  "total_reasoning_tokens": {
    "unit": "tokens",
    "avg": 118672.0
  },
  "benchmark_duration": {
    "unit": "sec",
    "avg": 25.701040808000002
  },
  "total_isl": {
    "unit": "tokens",
    "avg": 128000.0
  },
  "total_osl": {
    "unit": "tokens",
    "avg": 124492.0
  },
  "error_request_count": null,
  "error_isl": null,
  "total_error_isl": null,
  "telemetry_data": {
    "summary": {
      "endpoints_configured": [],
      "endpoints_successful": [],
      "start_time": "2025-12-31T23:09:17.987663",
      "end_time": "2025-12-31T23:09:43.710232"
    },
    "endpoints": {}
  },
  "input_config": {
    "endpoint": {
      "model_names": [
        "openai/gpt-oss-20b"
      ],
      "type": "chat",
      "streaming": true,
      "url": "http://localhost:8000",
      "timeout_seconds": 120.0
    },
    "input": {
      "dataset_sampling_strategy": "shuffle",
      "random_seed": 42,
      "prompt": {
        "input_tokens": {
          "mean": 256
        },
        "output_tokens": {
          "mean": 256
        }
      }
    },
    "output": {
      "artifact_directory": "/tmp/aiperf_results"
    },
    "loadgen": {
      "concurrency": 64,
      "request_rate_mode": "concurrency_burst",
      "request_count": 500,
      "warmup_request_count": 5
    },
    "cli_command": "aiperf profile --model \"openai/gpt-oss-20b\" --url \"http://localhost:8000\" --output-artifact-dir \"/tmp/aiperf_results\" --random-seed 42 --request-timeout-seconds 120 --endpoint-type \"chat\" --streaming --concurrency 64 --synthetic-input-tokens-mean 256 --output-tokens-mean 256 --request-count 500 --warmup-request-count 5 --dataset-sampling-strategy \"shuffle\""
  },
  "was_cancelled": false,
  "error_summary": [],
  "start_time": "2025-12-31T23:09:17.987663",
  "end_time": "2025-12-31T23:09:43.710232",
  "time_to_first_output_token": {
    "unit": "ms",
    "avg": 2472.057798957983,
    "p1": 1249.96899542,
    "p5": 1494.0787282,
    "p10": 1706.8404137999999,
    "p25": 2138.0568275,
    "p50": 2584.36626,
    "p75": 2843.39313,
    "p90": 3078.3307505999996,
    "p95": 3240.3489073999995,
    "p99": 3460.56512402,
    "min": 1092.922991,
    "max": 3480.9916369999996,
    "std": 538.9935057288293
  },
  "prefill_throughput": {
    "unit": "tokens/sec",
    "avg": 2045.2391848731368,
    "p1": 361.6791307784733,
    "p5": 366.3670128397955,
    "p10": 369.8993451921159,
    "p25": 1404.6757326411275,
    "p50": 1796.5880712916592,
    "p75": 3007.884342426884,
    "p90": 3506.629760050157,
    "p95": 3711.8889886937686,
    "p99": 4019.918428236772,
    "min": 356.66517161729115,
    "max": 4108.64977667081,
    "std": 1032.654301723214
  }
}