{
  "request_throughput": {
    "unit": "requests/sec",
    "avg": 0.6778842175169517
  },
  "request_latency": {
    "unit": "ms",
    "avg": 11691.919283705998,
    "p1": 9621.79388535,
    "p5": 11451.072021549999,
    "p10": 11535.2238246,
    "p25": 11736.834945499999,
    "p50": 11744.820623,
    "p75": 11757.39114025,
    "p90": 11770.7635041,
    "p95": 12017.89397965,
    "p99": 12101.476914689998,
    "min": 3918.132307,
    "max": 12652.041342999999,
    "std": 494.92051503919237
  },
  "request_count": {
    "unit": "requests",
    "avg": 500.0
  },
  "time_to_first_token": {
    "unit": "ms",
    "avg": 943.59248392,
    "p1": 353.9497248,
    "p5": 360.24722485,
    "p10": 360.814987,
    "p25": 375.915075,
    "p50": 880.8993624999999,
    "p75": 1393.849727,
    "p90": 1639.3207151000001,
    "p95": 1652.2321048499998,
    "p99": 1707.707544489998,
    "min": 69.79546599999999,
    "max": 2282.7625989999997,
    "std": 469.12203053074217
  },
  "time_to_second_token": {
    "unit": "ms",
    "avg": 143.065516814,
    "p1": 17.94000294,
    "p5": 18.188139899999996,
    "p10": 18.248311100000002,
    "p25": 18.36117925,
    "p50": 21.7077875,
    "p75": 278.598522,
    "p90": 279.545822,
    "p95": 279.89022685000003,
    "p99": 280.47698029000003,
    "min": 13.204232999999999,
    "max": 282.62282,
    "std": 129.5850233980875
  },
  "inter_token_latency": {
    "unit": "ms",
    "avg": 21.10140977500961,
    "p1": 19.243457967984344,
    "p5": 19.75015239373777,
    "p10": 19.785453416829746,
    "p25": 20.257788608610564,
    "p50": 21.254639049902156,
    "p75": 22.23753862181996,
    "p90": 22.28691749217221,
    "p95": 22.299112129452055,
    "p99": 22.32670289990215,
    "min": 16.990232244618394,
    "max": 22.811522526418784,
    "std": 0.9442275918172712
  },
  "output_token_throughput": {
    "unit": "tokens/sec",
    "avg": 345.9392296516858
  },
  "output_token_throughput_per_user": {
    "unit": "tokens/sec/user",
    "avg": 47.48680264900472,
    "p1": 44.789416737271836,
    "p5": 44.8448348175953,
    "p10": 44.86937237421597,
    "p25": 44.96901961540889,
    "p50": 47.04855246336016,
    "p75": 49.36372969534609,
    "p90": 50.542183067978776,
    "p95": 50.632520705688606,
    "p99": 51.965712390635815,
    "min": 43.83749479421492,
    "max": 58.85734730416925,
    "std": 2.1629931650271748
  },
  "output_sequence_length": {
    "unit": "tokens",
    "avg": 510.322,
    "p1": 511.0,
    "p5": 512.0,
    "p10": 512.0,
    "p25": 512.0,
    "p50": 512.0,
    "p75": 512.0,
    "p90": 512.0,
    "p95": 512.0,
    "p99": 512.0,
    "min": 162.0,
    "max": 515.0,
    "std": 20.439234721486027
  },
  "input_sequence_length": {
    "unit": "tokens",
    "avg": 8192.0,
    "p1": 8192.0,
    "p5": 8192.0,
    "p10": 8192.0,
    "p25": 8192.0,
    "p50": 8192.0,
    "p75": 8192.0,
    "p90": 8192.0,
    "p95": 8192.0,
    "p99": 8192.0,
    "min": 8192.0,
    "max": 8192.0,
    "std": 0.0
  },
  "goodput": null,
  "good_request_count": null,
  "output_token_count": {
    "unit": "tokens",
    "avg": 510.322,
    "p1": 511.0,
    "p5": 512.0,
    "p10": 512.0,
    "p25": 512.0,
    "p50": 512.0,
    "p75": 512.0,
    "p90": 512.0,
    "p95": 512.0,
    "p99": 512.0,
    "min": 162.0,
    "max": 515.0,
    "std": 20.439234721486027
  },
  "reasoning_token_count": null,
  "min_request_timestamp": {
    "unit": "ns",
    "avg": 1.7660361499049539e18
  },
  "max_response_timestamp": {
    "unit": "ns",
    "avg": 1.7660368874940393e18
  },
  "inter_chunk_latency": {
    "unit": "ms",
    "avg": 21.10303970303106,
    "p1": 17.188806399999997,
    "p5": 18.443324999999998,
    "p10": 18.547362,
    "p25": 18.62024,
    "p50": 18.688838,
    "p75": 18.7596065,
    "p90": 18.8367178,
    "p95": 18.933993100000002,
    "p99": 24.956016180000006,
    "min": 0.00971,
    "max": 301.768528,
    "std": 24.729091613663414
  },
  "total_output_tokens": {
    "unit": "tokens",
    "avg": 255161.0
  },
  "total_reasoning_tokens": null,
  "benchmark_duration": {
    "unit": "sec",
    "avg": 737.589085392
  },
  "total_isl": {
    "unit": "tokens",
    "avg": 4096000.0
  },
  "total_osl": {
    "unit": "tokens",
    "avg": 255161.0
  },
  "error_request_count": null,
  "error_isl": null,
  "total_error_isl": null,
  "telemetry_data": {
    "summary": {
      "endpoints_configured": [],
      "endpoints_successful": [],
      "start_time": "2025-12-18T05:35:49.900630",
      "end_time": "2025-12-18T05:48:07.503872"
    },
    "endpoints": {}
  },
  "input_config": {
    "endpoint": {
      "model_names": [
        "holtmann/gemma-3-12b-it-NVFP4"
      ],
      "type": "chat",
      "streaming": true,
      "url": "http://localhost:8000",
      "timeout_seconds": 120.0
    },
    "input": {
      "dataset_sampling_strategy": "shuffle",
      "random_seed": 42,
      "prompt": {
        "input_tokens": {
          "mean": 8192
        },
        "output_tokens": {
          "mean": 512
        }
      }
    },
    "output": {
      "artifact_directory": "/tmp/aiperf_results"
    },
    "loadgen": {
      "concurrency": 8,
      "request_rate_mode": "concurrency_burst",
      "request_count": 500,
      "warmup_request_count": 5
    },
    "cli_command": "aiperf profile --model \"holtmann/gemma-3-12b-it-NVFP4\" --url \"http://localhost:8000\" --output-artifact-dir \"/tmp/aiperf_results\" --random-seed 42 --request-timeout-seconds 120 --endpoint-type \"chat\" --streaming --concurrency 8 --synthetic-input-tokens-mean 8192 --output-tokens-mean 512 --request-count 500 --warmup-request-count 5 --dataset-sampling-strategy \"shuffle\""
  },
  "was_cancelled": false,
  "error_summary": [],
  "start_time": "2025-12-18T05:35:49.900630",
  "end_time": "2025-12-18T05:48:07.503872",
  "time_to_first_output_token": {
    "unit": "ms",
    "avg": 943.59248392,
    "p1": 353.9497248,
    "p5": 360.24722485,
    "p10": 360.814987,
    "p25": 375.915075,
    "p50": 880.8993624999999,
    "p75": 1393.849727,
    "p90": 1639.3207151000001,
    "p95": 1652.2321048499998,
    "p99": 1707.707544489998,
    "min": 69.79546599999999,
    "max": 2282.7625989999997,
    "std": 469.12203053074217
  },
  "prefill_throughput": {
    "unit": "tokens/sec",
    "avg": 12353.67030844358,
    "p1": 4797.762693961667,
    "p5": 4958.141157122655,
    "p10": 4997.194333712493,
    "p25": 5877.247627103549,
    "p50": 9299.592256634713,
    "p75": 21792.15673940498,
    "p90": 22704.156709234154,
    "p95": 22739.93922902312,
    "p99": 23144.53223781592,
    "min": 3588.634229239884,
    "max": 117371.5209523782,
    "std": 10040.537825005807
  }
}