{
  "request_throughput": {
    "unit": "requests/sec",
    "avg": 0.09800764802801308
  },
  "request_latency": {
    "unit": "ms",
    "avg": 40747.867857694,
    "p1": 11353.11797809,
    "p5": 20870.46014765,
    "p10": 22249.3554763,
    "p25": 32464.11627,
    "p50": 42890.039002,
    "p75": 51272.446206249995,
    "p90": 53276.003453599995,
    "p95": 55603.75043664998,
    "p99": 62973.89647484999,
    "min": 10380.825163,
    "max": 72933.10661599999,
    "std": 11819.241730349499
  },
  "request_count": {
    "unit": "requests",
    "avg": 500.0
  },
  "time_to_first_token": {
    "unit": "ms",
    "avg": 11846.357401274,
    "p1": 201.37050509999997,
    "p5": 9313.550092399999,
    "p10": 9561.2633068,
    "p25": 9807.625452749999,
    "p50": 10066.6781275,
    "p75": 14005.08276775,
    "p90": 19323.994766599997,
    "p95": 19728.444614149998,
    "p99": 27229.78828199998,
    "min": 186.49178899999998,
    "max": 37997.452353,
    "std": 4600.749220365576
  },
  "time_to_second_token": {
    "unit": "ms",
    "avg": 213.013482494,
    "p1": 7.575498049999999,
    "p5": 8.316338349999999,
    "p10": 8.4166129,
    "p25": 8.56338675,
    "p50": 8.786076999999999,
    "p75": 9.060295499999999,
    "p90": 1235.4751477,
    "p95": 1275.69963745,
    "p99": 1298.98676871,
    "min": 0.17319199999999998,
    "max": 1324.368325,
    "std": 455.6320308668949
  },
  "inter_token_latency": {
    "unit": "ms",
    "avg": 70.65001578277588,
    "p1": 8.904741676642905,
    "p5": 27.86552072670403,
    "p10": 38.91477249334882,
    "p25": 56.97444389643656,
    "p50": 67.15084072107163,
    "p75": 85.4778958902559,
    "p90": 102.05074832575797,
    "p95": 115.60713465466206,
    "p99": 138.43132137973834,
    "min": 8.023251454005933,
    "max": 177.58648510344827,
    "std": 26.333824966401313
  },
  "output_token_throughput": {
    "unit": "tokens/sec",
    "avg": 40.396008303002205
  },
  "output_token_throughput_per_user": {
    "unit": "tokens/sec/user",
    "avg": 18.994186757242602,
    "p1": 7.2239368996618705,
    "p5": 8.650042307233688,
    "p10": 9.799046689664754,
    "p25": 11.698931430460254,
    "p50": 14.891847783182257,
    "p75": 17.551729019349807,
    "p90": 25.697214211041846,
    "p95": 35.88673684118284,
    "p99": 112.2997323213453,
    "min": 5.631059139536866,
    "max": 124.63774888928717,
    "std": 19.258613212349246
  },
  "output_sequence_length": {
    "unit": "tokens",
    "avg": 412.172,
    "p1": 138.78,
    "p5": 195.0,
    "p10": 237.9,
    "p25": 326.0,
    "p50": 484.0,
    "p75": 503.0,
    "p90": 509.0,
    "p95": 509.0,
    "p99": 509.0,
    "min": 88.0,
    "max": 511.0,
    "std": 111.97445430096992
  },
  "input_sequence_length": {
    "unit": "tokens",
    "avg": 65536.05,
    "p1": 65536.0,
    "p5": 65536.0,
    "p10": 65536.0,
    "p25": 65536.0,
    "p50": 65536.0,
    "p75": 65536.0,
    "p90": 65536.0,
    "p95": 65536.05,
    "p99": 65537.0,
    "min": 65536.0,
    "max": 65537.0,
    "std": 0.21794494717703367
  },
  "goodput": null,
  "good_request_count": null,
  "output_token_count": {
    "unit": "tokens",
    "avg": 104.20833333333333,
    "p1": 4.0,
    "p5": 21.0,
    "p10": 37.0,
    "p25": 52.75,
    "p50": 86.0,
    "p75": 131.0,
    "p90": 199.0,
    "p95": 274.39999999999986,
    "p99": 365.4000000000003,
    "min": 1.0,
    "max": 434.0,
    "std": 76.32747657662708
  },
  "reasoning_token_count": {
    "unit": "tokens",
    "avg": 332.14,
    "p1": 69.0,
    "p5": 104.95,
    "p10": 148.8,
    "p25": 217.5,
    "p50": 324.0,
    "p75": 487.0,
    "p90": 509.0,
    "p95": 509.0,
    "p99": 509.0,
    "min": 49.0,
    "max": 511.0,
    "std": 138.39135955687408
  },
  "min_request_timestamp": {
    "unit": "ns",
    "avg": 1.7663492925164355e18
  },
  "max_response_timestamp": {
    "unit": "ns",
    "avg": 1.7663543941591137e18
  },
  "inter_chunk_latency": {
    "unit": "ms",
    "avg": 74.83211672273173,
    "p1": 6.52213816,
    "p5": 8.2405446,
    "p10": 8.373742799999999,
    "p25": 8.553142,
    "p50": 8.739170999999999,
    "p75": 8.915837999999999,
    "p90": 9.5695854,
    "p95": 975.2980160000001,
    "p99": 1383.97962616,
    "min": 0.011519999999999999,
    "max": 8923.060936,
    "std": 282.2531465536572
  },
  "total_output_tokens": {
    "unit": "tokens",
    "avg": 40016.0
  },
  "total_reasoning_tokens": {
    "unit": "tokens",
    "avg": 166070.0
  },
  "benchmark_duration": {
    "unit": "sec",
    "avg": 5101.642678509001
  },
  "total_isl": {
    "unit": "tokens",
    "avg": 32768025.0
  },
  "total_osl": {
    "unit": "tokens",
    "avg": 206086.0
  },
  "error_request_count": null,
  "error_isl": null,
  "total_error_isl": null,
  "telemetry_data": {
    "summary": {
      "endpoints_configured": [],
      "endpoints_successful": [],
      "start_time": "2025-12-21T20:34:52.510379",
      "end_time": "2025-12-21T21:59:54.167075"
    },
    "endpoints": {}
  },
  "input_config": {
    "endpoint": {
      "model_names": [
        "openai/gpt-oss-20b"
      ],
      "type": "chat",
      "streaming": true,
      "url": "http://localhost:8000",
      "timeout_seconds": 120.0
    },
    "input": {
      "dataset_sampling_strategy": "shuffle",
      "random_seed": 42,
      "prompt": {
        "input_tokens": {
          "mean": 65536
        },
        "output_tokens": {
          "mean": 512
        }
      }
    },
    "output": {
      "artifact_directory": "/tmp/aiperf_results"
    },
    "loadgen": {
      "concurrency": 4,
      "request_rate_mode": "concurrency_burst",
      "request_count": 500,
      "warmup_request_count": 5
    },
    "cli_command": "aiperf profile --model \"openai/gpt-oss-20b\" --url \"http://localhost:8000\" --output-artifact-dir \"/tmp/aiperf_results\" --random-seed 42 --request-timeout-seconds 120 --endpoint-type \"chat\" --streaming --concurrency 4 --synthetic-input-tokens-mean 65536 --output-tokens-mean 512 --request-count 500 --warmup-request-count 5 --dataset-sampling-strategy \"shuffle\""
  },
  "was_cancelled": false,
  "error_summary": [],
  "start_time": "2025-12-21T20:34:52.510379",
  "end_time": "2025-12-21T21:59:54.167075",
  "time_to_first_output_token": {
    "unit": "ms",
    "avg": 30677.10096666406,
    "p1": 8634.469465819999,
    "p5": 10990.37381265,
    "p10": 11792.912977,
    "p25": 21319.867744749998,
    "p50": 31386.814527,
    "p75": 41620.581815,
    "p90": 43298.06988619999,
    "p95": 52022.089979050004,
    "p99": 53110.67123568,
    "min": 2233.616612,
    "max": 62351.464605999994,
    "std": 12194.193551764865
  },
  "prefill_throughput": {
    "unit": "tokens/sec",
    "avg": 15204.27220564124,
    "p1": 2406.8838732041677,
    "p5": 3321.9041750085303,
    "p10": 3391.431265948743,
    "p25": 4679.4975500563505,
    "p50": 6510.191412594068,
    "p75": 6682.14751042966,
    "p90": 6854.325717035187,
    "p95": 7036.663473142607,
    "p99": 325451.1349273737,
    "min": 1724.747211764732,
    "max": 351414.9354854438,
    "std": 53530.82155096765
  }
}