{
  "request_throughput": {
    "unit": "requests/sec",
    "avg": 13.272220565904984
  },
  "request_latency": {
    "unit": "ms",
    "avg": 2333.01962982,
    "p1": 1819.75687185,
    "p5": 2223.02057315,
    "p10": 2266.2010129,
    "p25": 2291.7148349999998,
    "p50": 2308.1915194999997,
    "p75": 2348.0311235,
    "p90": 2561.7490228,
    "p95": 2580.7473,
    "p99": 2594.1940688,
    "min": 1209.202403,
    "max": 2594.88974,
    "std": 144.7682826011182
  },
  "request_count": {
    "unit": "requests",
    "avg": 500.0
  },
  "time_to_first_token": {
    "unit": "ms",
    "avg": 108.860446962,
    "p1": 46.45221512,
    "p5": 47.90996195,
    "p10": 50.3653892,
    "p25": 56.40796675,
    "p50": 63.5967985,
    "p75": 76.51787675,
    "p90": 315.8784179,
    "p95": 352.6505208499999,
    "p99": 356.54810759,
    "min": 43.616585,
    "max": 357.353169,
    "std": 102.11761198691065
  },
  "time_to_second_token": {
    "unit": "ms",
    "avg": 8.458041633999999,
    "p1": 3.67376411,
    "p5": 5.0150999999999994,
    "p10": 6.791727099999999,
    "p25": 7.5291565,
    "p50": 8.4093055,
    "p75": 9.030011,
    "p90": 9.920747,
    "p95": 10.9855245,
    "p99": 16.613712269999997,
    "min": 1.5929069999999999,
    "max": 29.160097999999998,
    "std": 2.3277536409190396
  },
  "inter_token_latency": {
    "unit": "ms",
    "avg": 8.971048947566528,
    "p1": 8.727274082976193,
    "p5": 8.781755144841268,
    "p10": 8.820367552380953,
    "p25": 8.869663248015872,
    "p50": 8.914015281746032,
    "p75": 9.06412800624274,
    "p90": 9.158221245770422,
    "p95": 9.210253304349267,
    "p99": 9.895067114603174,
    "min": 8.345967376984126,
    "max": 10.625260919254659,
    "std": 0.19628783803545952
  },
  "output_token_throughput": {
    "unit": "tokens/sec",
    "avg": 3304.968731998264
  },
  "output_token_throughput_per_user": {
    "unit": "tokens/sec/user",
    "avg": 111.51977225704701,
    "p1": 101.06045666009018,
    "p5": 108.57465094624925,
    "p10": 109.19150940222838,
    "p25": 110.32500866884399,
    "p50": 112.18289047003867,
    "p75": 112.74385194274228,
    "p90": 113.37396022525017,
    "p95": 113.87245300189846,
    "p99": 114.58334955817004,
    "min": 94.11533585851443,
    "max": 119.81834517562623,
    "std": 2.293826953962165
  },
  "output_sequence_length": {
    "unit": "tokens",
    "avg": 249.014,
    "p1": 193.92000000000002,
    "p5": 228.8,
    "p10": 247.0,
    "p25": 247.75,
    "p50": 253.0,
    "p75": 253.0,
    "p90": 253.0,
    "p95": 253.0,
    "p99": 253.0,
    "min": 128.0,
    "max": 253.0,
    "std": 12.470357011729856
  },
  "input_sequence_length": {
    "unit": "tokens",
    "avg": 256.0,
    "p1": 256.0,
    "p5": 256.0,
    "p10": 256.0,
    "p25": 256.0,
    "p50": 256.0,
    "p75": 256.0,
    "p90": 256.0,
    "p95": 256.0,
    "p99": 256.0,
    "min": 256.0,
    "max": 256.0,
    "std": 0.0
  },
  "goodput": null,
  "good_request_count": null,
  "output_token_count": {
    "unit": "tokens",
    "avg": 53.61290322580645,
    "p1": 2.0,
    "p5": 7.0,
    "p10": 12.600000000000001,
    "p25": 30.75,
    "p50": 52.0,
    "p75": 73.0,
    "p90": 96.7,
    "p95": 116.69999999999999,
    "p99": 138.76999999999998,
    "min": 1.0,
    "max": 141.0,
    "std": 32.569456718313845
  },
  "reasoning_token_count": {
    "unit": "tokens",
    "avg": 235.718,
    "p1": 102.98,
    "p5": 147.95,
    "p10": 175.0,
    "p25": 247.75,
    "p50": 253.0,
    "p75": 253.0,
    "p90": 253.0,
    "p95": 253.0,
    "p99": 253.0,
    "min": 61.0,
    "max": 253.0,
    "std": 36.44539032580115
  },
  "min_request_timestamp": {
    "unit": "ns",
    "avg": 1.7672102111751841e18
  },
  "max_response_timestamp": {
    "unit": "ns",
    "avg": 1.767210248847855e18
  },
  "inter_chunk_latency": {
    "unit": "ms",
    "avg": 8.975404884700128,
    "p1": 6.306932219999999,
    "p5": 8.099305,
    "p10": 8.324321,
    "p25": 8.5361285,
    "p50": 8.725771,
    "p75": 8.9728775,
    "p90": 9.533209,
    "p95": 10.563660999999996,
    "p99": 13.421196799999997,
    "min": 0.009219999999999999,
    "max": 240.424646,
    "std": 2.9770591590368354
  },
  "total_output_tokens": {
    "unit": "tokens",
    "avg": 6648.0
  },
  "total_reasoning_tokens": {
    "unit": "tokens",
    "avg": 117859.0
  },
  "benchmark_duration": {
    "unit": "sec",
    "avg": 37.672671089000005
  },
  "total_isl": {
    "unit": "tokens",
    "avg": 128000.0
  },
  "total_osl": {
    "unit": "tokens",
    "avg": 124507.0
  },
  "error_request_count": null,
  "error_isl": null,
  "total_error_isl": null,
  "telemetry_data": {
    "summary": {
      "endpoints_configured": [],
      "endpoints_successful": [],
      "start_time": "2025-12-31T19:43:31.167460",
      "end_time": "2025-12-31T19:44:08.852816"
    },
    "endpoints": {}
  },
  "input_config": {
    "endpoint": {
      "model_names": [
        "openai/gpt-oss-20b"
      ],
      "type": "chat",
      "streaming": true,
      "url": "http://localhost:8000",
      "timeout_seconds": 120.0
    },
    "input": {
      "dataset_sampling_strategy": "shuffle",
      "random_seed": 42,
      "prompt": {
        "input_tokens": {
          "mean": 256
        },
        "output_tokens": {
          "mean": 256
        }
      }
    },
    "output": {
      "artifact_directory": "/tmp/aiperf_results"
    },
    "loadgen": {
      "concurrency": 32,
      "request_rate_mode": "concurrency_burst",
      "request_count": 500,
      "warmup_request_count": 5
    },
    "cli_command": "aiperf profile --model \"openai/gpt-oss-20b\" --url \"http://localhost:8000\" --output-artifact-dir \"/tmp/aiperf_results\" --random-seed 42 --request-timeout-seconds 120 --endpoint-type \"chat\" --streaming --concurrency 32 --synthetic-input-tokens-mean 256 --output-tokens-mean 256 --request-count 500 --warmup-request-count 5 --dataset-sampling-strategy \"shuffle\""
  },
  "was_cancelled": false,
  "error_summary": [],
  "start_time": "2025-12-31T19:43:31.167460",
  "end_time": "2025-12-31T19:44:08.852816",
  "time_to_first_output_token": {
    "unit": "ms",
    "avg": 1800.5976953467741,
    "p1": 889.5743864899999,
    "p5": 1090.0377418499997,
    "p10": 1355.9434477,
    "p25": 1530.50296025,
    "p50": 1804.8075979999999,
    "p75": 2115.0123854999997,
    "p90": 2264.9868323,
    "p95": 2326.36275515,
    "p99": 2519.6470156899995,
    "min": 740.0011579999999,
    "max": 2545.7494779999997,
    "std": 387.6827916949238
  },
  "prefill_throughput": {
    "unit": "tokens/sec",
    "avg": 3624.2957918440966,
    "p1": 717.9956774090466,
    "p5": 725.9325216415848,
    "p10": 810.4384026303464,
    "p25": 3345.6243118294447,
    "p50": 4025.3601169101485,
    "p75": 4538.366030532296,
    "p90": 5082.855871483612,
    "p95": 5343.35636276164,
    "p99": 5511.039679143957,
    "min": 716.3781441098679,
    "max": 5869.327000268361,
    "std": 1442.7918443266894
  }
}