{
  "request_throughput": {
    "unit": "requests/sec",
    "avg": 18.277427879611018
  },
  "request_latency": {
    "unit": "ms",
    "avg": 3395.9068326079996,
    "p1": 3026.8456801899997,
    "p5": 3071.6958299999997,
    "p10": 3134.7761729999997,
    "p25": 3346.083296,
    "p50": 3396.492678,
    "p75": 3450.93950775,
    "p90": 3670.2185128,
    "p95": 3695.3928627999994,
    "p99": 3709.0772943899997,
    "min": 2982.774915,
    "max": 3715.2965679999998,
    "std": 157.14872481663159
  },
  "request_count": {
    "unit": "requests",
    "avg": 500.0
  },
  "time_to_first_token": {
    "unit": "ms",
    "avg": 130.763038068,
    "p1": 41.53933284,
    "p5": 48.72323945,
    "p10": 59.5846071,
    "p25": 78.43810325,
    "p50": 112.436027,
    "p75": 144.05825049999999,
    "p90": 195.8206726,
    "p95": 343.61153299999984,
    "p99": 402.43466717999996,
    "min": 38.461556,
    "max": 405.625368,
    "std": 78.94855239450064
  },
  "time_to_second_token": {
    "unit": "ms",
    "avg": 23.232272690000002,
    "p1": 3.3356788999999996,
    "p5": 8.7366575,
    "p10": 9.938343,
    "p25": 11.652267,
    "p50": 18.104900999999998,
    "p75": 24.169252,
    "p90": 58.025096999999995,
    "p95": 58.44068694999999,
    "p99": 151.90641409,
    "min": 0.013269999999999999,
    "max": 152.334063,
    "std": 24.664097630238263
  },
  "inter_token_latency": {
    "unit": "ms",
    "avg": 12.80806023731222,
    "p1": 11.590712428274507,
    "p5": 11.763725663333332,
    "p10": 12.070039262159927,
    "p25": 12.734235958823527,
    "p50": 12.839531311764706,
    "p75": 12.97495043235294,
    "p90": 13.132539309411763,
    "p95": 13.210312256078431,
    "p99": 13.838680652039214,
    "min": 11.492896022988505,
    "max": 13.91179862352941,
    "std": 0.42826895505674206
  },
  "output_token_throughput": {
    "unit": "tokens/sec",
    "avg": 4677.742117228848
  },
  "output_token_throughput_per_user": {
    "unit": "tokens/sec/user",
    "avg": 78.16666007823613,
    "p1": 72.26122382384487,
    "p5": 75.69843775908953,
    "p10": 76.14673571082011,
    "p25": 77.07158704547305,
    "p50": 77.88446289509356,
    "p75": 78.52846478124368,
    "p90": 82.84988448072185,
    "p95": 85.00708267976114,
    "p99": 86.27597364607267,
    "min": 71.88143151444646,
    "max": 87.01027121447578,
    "std": 2.7211671915596027
  },
  "output_sequence_length": {
    "unit": "tokens",
    "avg": 255.93,
    "p1": 255.0,
    "p5": 256.0,
    "p10": 256.0,
    "p25": 256.0,
    "p50": 256.0,
    "p75": 256.0,
    "p90": 256.0,
    "p95": 256.0,
    "p99": 256.0,
    "min": 229.0,
    "max": 262.0,
    "std": 1.257417989373462
  },
  "input_sequence_length": {
    "unit": "tokens",
    "avg": 256.0,
    "p1": 256.0,
    "p5": 256.0,
    "p10": 256.0,
    "p25": 256.0,
    "p50": 256.0,
    "p75": 256.0,
    "p90": 256.0,
    "p95": 256.0,
    "p99": 256.0,
    "min": 256.0,
    "max": 256.0,
    "std": 0.0
  },
  "goodput": null,
  "good_request_count": null,
  "output_token_count": {
    "unit": "tokens",
    "avg": 255.93,
    "p1": 255.0,
    "p5": 256.0,
    "p10": 256.0,
    "p25": 256.0,
    "p50": 256.0,
    "p75": 256.0,
    "p90": 256.0,
    "p95": 256.0,
    "p99": 256.0,
    "min": 229.0,
    "max": 262.0,
    "std": 1.257417989373462
  },
  "reasoning_token_count": null,
  "min_request_timestamp": {
    "unit": "ns",
    "avg": 1.7660242835529167e18
  },
  "max_response_timestamp": {
    "unit": "ns",
    "avg": 1.7660243109090637e18
  },
  "inter_chunk_latency": {
    "unit": "ms",
    "avg": 12.824199532379186,
    "p1": 8.130463299999999,
    "p5": 11.2813015,
    "p10": 11.757313,
    "p25": 12.1440795,
    "p50": 12.563509,
    "p75": 13.115782249999999,
    "p90": 13.370217,
    "p95": 14.179653999999998,
    "p99": 21.58878853,
    "min": 0.00817,
    "max": 170.73111899999998,
    "std": 3.714486543614558
  },
  "total_output_tokens": {
    "unit": "tokens",
    "avg": 127965.0
  },
  "total_reasoning_tokens": null,
  "benchmark_duration": {
    "unit": "sec",
    "avg": 27.356146789
  },
  "total_isl": {
    "unit": "tokens",
    "avg": 128000.0
  },
  "total_osl": {
    "unit": "tokens",
    "avg": 127965.0
  },
  "error_request_count": null,
  "error_isl": null,
  "total_error_isl": null,
  "telemetry_data": {
    "summary": {
      "endpoints_configured": [],
      "endpoints_successful": [],
      "start_time": "2025-12-18T02:18:03.546168",
      "end_time": "2025-12-18T02:18:30.916896"
    },
    "endpoints": {}
  },
  "input_config": {
    "endpoint": {
      "model_names": [
        "nvidia/Qwen3-8B-NVFP4"
      ],
      "type": "chat",
      "streaming": true,
      "url": "http://localhost:8000",
      "timeout_seconds": 120.0
    },
    "input": {
      "extra": [
        [
          "chat_template_kwargs",
          {
            "enable_thinking": false
          }
        ]
      ],
      "dataset_sampling_strategy": "shuffle",
      "random_seed": 42,
      "prompt": {
        "input_tokens": {
          "mean": 256
        },
        "output_tokens": {
          "mean": 256
        }
      }
    },
    "output": {
      "artifact_directory": "/tmp/aiperf_results"
    },
    "loadgen": {
      "concurrency": 64,
      "request_rate_mode": "concurrency_burst",
      "request_count": 500,
      "warmup_request_count": 5
    },
    "cli_command": "aiperf profile --model \"nvidia/Qwen3-8B-NVFP4\" --url \"http://localhost:8000\" --output-artifact-dir \"/tmp/aiperf_results\" --random-seed 42 --request-timeout-seconds 120 --endpoint-type \"chat\" --streaming --concurrency 64 --synthetic-input-tokens-mean 256 --output-tokens-mean 256 --request-count 500 --warmup-request-count 5 --dataset-sampling-strategy \"shuffle\" --extra-inputs \"{\"chat_template_kwargs\": {\"enable_thinking\": false}}\""
  },
  "was_cancelled": false,
  "error_summary": [],
  "start_time": "2025-12-18T02:18:03.546168",
  "end_time": "2025-12-18T02:18:30.916896",
  "time_to_first_output_token": {
    "unit": "ms",
    "avg": 130.763038068,
    "p1": 41.53933284,
    "p5": 48.72323945,
    "p10": 59.5846071,
    "p25": 78.43810325,
    "p50": 112.436027,
    "p75": 144.05825049999999,
    "p90": 195.8206726,
    "p95": 343.61153299999984,
    "p99": 402.43466717999996,
    "min": 38.461556,
    "max": 405.625368,
    "std": 78.94855239450064
  },
  "prefill_throughput": {
    "unit": "tokens/sec",
    "avg": 2560.177293025309,
    "p1": 636.1281000673442,
    "p5": 745.0299507110911,
    "p10": 1307.318696049405,
    "p25": 1777.0679992130488,
    "p50": 2276.8584409219598,
    "p75": 3263.7330313177786,
    "p90": 4296.412433789884,
    "p95": 5254.185322575561,
    "p99": 6162.835171570759,
    "min": 631.1242348136371,
    "max": 6655.996964865384,
    "std": 1269.2672515315362
  }
}