{
  "request_throughput": {
    "unit": "requests/sec",
    "avg": 0.28275890296550843
  },
  "request_latency": {
    "unit": "ms",
    "avg": 14136.233765704,
    "p1": 11103.718520370001,
    "p5": 12876.5837261,
    "p10": 13316.3641025,
    "p25": 14179.394011249999,
    "p50": 14190.343289499999,
    "p75": 14196.1793925,
    "p90": 15046.7924267,
    "p95": 15085.896807599998,
    "p99": 16419.218811279992,
    "min": 9335.305192,
    "max": 17272.554192,
    "std": 868.1569636493207
  },
  "request_count": {
    "unit": "requests",
    "avg": 500.0
  },
  "time_to_first_token": {
    "unit": "ms",
    "avg": 4673.929536262,
    "p1": 2242.20779434,
    "p5": 2257.0630235500003,
    "p10": 2258.1561338,
    "p25": 2278.48903825,
    "p50": 4437.921905499999,
    "p75": 5763.85355825,
    "p90": 6611.564014199999,
    "p95": 6620.0684529499995,
    "p99": 8709.69471602,
    "min": 115.07412599999999,
    "max": 8752.414853,
    "std": 1664.1838779981592
  },
  "time_to_second_token": {
    "unit": "ms",
    "avg": 702.3966121779999,
    "p1": 21.16360967,
    "p5": 21.2366125,
    "p10": 21.308059699999998,
    "p25": 22.04170775,
    "p50": 911.8101909999999,
    "p75": 933.6884427499999,
    "p90": 957.3343422,
    "p95": 957.5980155999999,
    "p99": 958.0960228099999,
    "min": 20.823963,
    "max": 1249.1586479999999,
    "std": 396.1220881167376
  },
  "inter_token_latency": {
    "unit": "ms",
    "avg": 37.107039649551346,
    "p1": 21.472660284941178,
    "p5": 29.648532474313726,
    "p10": 29.69195074078431,
    "p25": 33.04429718431373,
    "p50": 38.204458998039215,
    "p75": 39.29822199215686,
    "p90": 46.79590329568627,
    "p95": 46.80454846607843,
    "p99": 46.843241809254906,
    "min": 21.43310945098039,
    "max": 51.2438507372549,
    "std": 6.471103474195965
  },
  "output_token_throughput": {
    "unit": "tokens/sec",
    "avg": 72.38627915917016
  },
  "output_token_throughput_per_user": {
    "unit": "tokens/sec/user",
    "avg": 27.800965682214787,
    "p1": 21.34779663808885,
    "p5": 21.365444871992416,
    "p10": 21.369391967805534,
    "p25": 25.448513187834223,
    "p50": 26.17495512996465,
    "p75": 30.262407895509273,
    "p90": 33.679161396367824,
    "p95": 33.7284822063074,
    "p99": 46.570848423281916,
    "min": 19.51453658561588,
    "max": 46.65678595479098,
    "std": 5.03650809460625
  },
  "output_sequence_length": {
    "unit": "tokens",
    "avg": 256.0,
    "p1": 256.0,
    "p5": 256.0,
    "p10": 256.0,
    "p25": 256.0,
    "p50": 256.0,
    "p75": 256.0,
    "p90": 256.0,
    "p95": 256.0,
    "p99": 256.0,
    "min": 255.0,
    "max": 257.0,
    "std": 0.08944271909999159
  },
  "input_sequence_length": {
    "unit": "tokens",
    "avg": 16000.01,
    "p1": 16000.0,
    "p5": 16000.0,
    "p10": 16000.0,
    "p25": 16000.0,
    "p50": 16000.0,
    "p75": 16000.0,
    "p90": 16000.0,
    "p95": 16000.0,
    "p99": 16000.01,
    "min": 16000.0,
    "max": 16001.0,
    "std": 0.09949874371066197
  },
  "goodput": null,
  "good_request_count": null,
  "output_token_count": {
    "unit": "tokens",
    "avg": 256.0,
    "p1": 256.0,
    "p5": 256.0,
    "p10": 256.0,
    "p25": 256.0,
    "p50": 256.0,
    "p75": 256.0,
    "p90": 256.0,
    "p95": 256.0,
    "p99": 256.0,
    "min": 255.0,
    "max": 257.0,
    "std": 0.08944271909999159
  },
  "reasoning_token_count": null,
  "min_request_timestamp": {
    "unit": "ns",
    "avg": 1.767262483548482e18
  },
  "max_response_timestamp": {
    "unit": "ns",
    "avg": 1.7672642518393997e18
  },
  "inter_chunk_latency": {
    "unit": "ms",
    "avg": 37.107948537777354,
    "p1": 20.857354079999997,
    "p5": 21.4473396,
    "p10": 21.47806,
    "p25": 21.513935999999998,
    "p50": 21.550188,
    "p75": 21.588604999999998,
    "p90": 21.632524,
    "p95": 21.695518,
    "p99": 932.8812997599998,
    "min": 0.01177,
    "max": 2462.5538739999997,
    "std": 128.62995193954364
  },
  "total_output_tokens": {
    "unit": "tokens",
    "avg": 128000.0
  },
  "total_reasoning_tokens": null,
  "benchmark_duration": {
    "unit": "sec",
    "avg": 1768.2909176550002
  },
  "total_isl": {
    "unit": "tokens",
    "avg": 8000005.0
  },
  "total_osl": {
    "unit": "tokens",
    "avg": 128000.0
  },
  "error_request_count": null,
  "error_isl": null,
  "total_error_isl": null,
  "telemetry_data": {
    "summary": {
      "endpoints_configured": [],
      "endpoints_successful": [],
      "start_time": "2026-01-01T10:14:43.544155",
      "end_time": "2026-01-01T10:44:11.844423"
    },
    "endpoints": {}
  },
  "input_config": {
    "endpoint": {
      "model_names": [
        "nvidia/Qwen3-8B-NVFP4"
      ],
      "type": "chat",
      "streaming": true,
      "url": "http://localhost:8000",
      "timeout_seconds": 120.0
    },
    "input": {
      "dataset_sampling_strategy": "shuffle",
      "random_seed": 42,
      "prompt": {
        "input_tokens": {
          "mean": 16000
        },
        "output_tokens": {
          "mean": 256
        }
      }
    },
    "output": {
      "artifact_directory": "/tmp/aiperf_results"
    },
    "loadgen": {
      "concurrency": 4,
      "request_rate_mode": "concurrency_burst",
      "request_count": 500,
      "warmup_request_count": 5
    },
    "cli_command": "aiperf profile --model \"nvidia/Qwen3-8B-NVFP4\" --url \"http://localhost:8000\" --output-artifact-dir \"/tmp/aiperf_results\" --random-seed 42 --request-timeout-seconds 120 --endpoint-type \"chat\" --streaming --concurrency 4 --synthetic-input-tokens-mean 16000 --output-tokens-mean 256 --request-count 500 --warmup-request-count 5 --dataset-sampling-strategy \"shuffle\""
  },
  "was_cancelled": false,
  "error_summary": [],
  "start_time": "2026-01-01T10:14:43.544155",
  "end_time": "2026-01-01T10:44:11.844423",
  "time_to_first_output_token": {
    "unit": "ms",
    "avg": 4673.929536262,
    "p1": 2242.20779434,
    "p5": 2257.0630235500003,
    "p10": 2258.1561338,
    "p25": 2278.48903825,
    "p50": 4437.921905499999,
    "p75": 5763.85355825,
    "p90": 6611.564014199999,
    "p95": 6620.0684529499995,
    "p99": 8709.69471602,
    "min": 115.07412599999999,
    "max": 8752.414853,
    "std": 1664.1838779981592
  },
  "prefill_throughput": {
    "unit": "tokens/sec",
    "avg": 4303.4431482226155,
    "p1": 1837.0333893263216,
    "p5": 2416.8934375871377,
    "p10": 2420.0022854340864,
    "p25": 2775.920630013736,
    "p50": 3605.291021518718,
    "p75": 7022.197488111177,
    "p90": 7085.426805354001,
    "p95": 7088.858322991518,
    "p99": 7135.824226804113,
    "min": 1828.0669128150155,
    "max": 139040.8127018927,
    "std": 6303.659275740552
  }
}