{
  "request_throughput": {
    "unit": "requests/sec",
    "avg": 0.04700116506587711
  },
  "request_latency": {
    "unit": "ms",
    "avg": 84830.10203697199,
    "p1": 77758.68527391,
    "p5": 83928.23681265,
    "p10": 84069.0358641,
    "p25": 84224.99098475,
    "p50": 84612.36381149999,
    "p75": 85824.2351035,
    "p90": 86955.11477189999,
    "p95": 87467.01664315,
    "p99": 88944.0138293,
    "min": 20997.510318,
    "max": 93430.374985,
    "std": 3913.7202225496853
  },
  "request_count": {
    "unit": "requests",
    "avg": 500.0
  },
  "time_to_first_token": {
    "unit": "ms",
    "avg": 67206.945055198,
    "p1": 59817.27377837,
    "p5": 66499.976665,
    "p10": 66581.41847919999,
    "p25": 66719.76269974999,
    "p50": 67009.8343075,
    "p75": 68162.48174725,
    "p90": 69106.8717928,
    "p95": 69496.34352724999,
    "p99": 71274.61435463,
    "min": 3588.5390079999997,
    "max": 75566.347087,
    "std": 3832.8247797962263
  },
  "time_to_second_token": {
    "unit": "ms",
    "avg": 34.168452498,
    "p1": 28.75342693,
    "p5": 33.425659399999994,
    "p10": 33.73040579999999,
    "p25": 33.90737825,
    "p50": 34.058791,
    "p75": 34.28795975,
    "p90": 34.997298,
    "p95": 35.77585124999999,
    "p99": 38.028479559999994,
    "min": 19.693337,
    "max": 71.54197599999999,
    "std": 2.232800051136435
  },
  "inter_token_latency": {
    "unit": "ms",
    "avg": 34.576280234668566,
    "p1": 34.07405880269269,
    "p5": 34.1061701537182,
    "p10": 34.12639281232877,
    "p25": 34.18981860518591,
    "p50": 34.33456416536203,
    "p75": 34.91045723970216,
    "p90": 35.3733360518591,
    "p95": 35.50560876133965,
    "p99": 35.916832593365946,
    "min": 34.065640708414875,
    "max": 42.08094648727984,
    "std": 0.6160722019979598
  },
  "output_token_throughput": {
    "unit": "tokens/sec",
    "avg": 24.00358900147357
  },
  "output_token_throughput_per_user": {
    "unit": "tokens/sec/user",
    "avg": 28.93010092393154,
    "p1": 27.842103036610514,
    "p5": 28.164564320140414,
    "p10": 28.269881043774014,
    "p25": 28.644712194757428,
    "p50": 29.12516952596884,
    "p75": 29.248473405687445,
    "p90": 29.302833308531486,
    "p95": 29.320207912363607,
    "p99": 29.347839247544787,
    "min": 23.763724047943604,
    "max": 29.355091499951754,
    "std": 0.4808214690248515
  },
  "output_sequence_length": {
    "unit": "tokens",
    "avg": 510.702,
    "p1": 484.6,
    "p5": 512.0,
    "p10": 512.0,
    "p25": 512.0,
    "p50": 512.0,
    "p75": 512.0,
    "p90": 512.0,
    "p95": 512.0,
    "p99": 512.0,
    "min": 249.0,
    "max": 515.0,
    "std": 14.145147436488603
  },
  "input_sequence_length": {
    "unit": "tokens",
    "avg": 8192.0,
    "p1": 8192.0,
    "p5": 8192.0,
    "p10": 8192.0,
    "p25": 8192.0,
    "p50": 8192.0,
    "p75": 8192.0,
    "p90": 8192.0,
    "p95": 8192.0,
    "p99": 8192.0,
    "min": 8192.0,
    "max": 8192.0,
    "std": 0.0
  },
  "goodput": null,
  "good_request_count": null,
  "output_token_count": {
    "unit": "tokens",
    "avg": 510.702,
    "p1": 484.6,
    "p5": 512.0,
    "p10": 512.0,
    "p25": 512.0,
    "p50": 512.0,
    "p75": 512.0,
    "p90": 512.0,
    "p95": 512.0,
    "p99": 512.0,
    "min": 249.0,
    "max": 515.0,
    "std": 14.145147436488603
  },
  "reasoning_token_count": null,
  "min_request_timestamp": {
    "unit": "ns",
    "avg": 1.7662668582365315e18
  },
  "max_response_timestamp": {
    "unit": "ns",
    "avg": 1.7662774962707016e18
  },
  "inter_chunk_latency": {
    "unit": "ms",
    "avg": 34.57595534138915,
    "p1": 33.2687711,
    "p5": 33.847342499999996,
    "p10": 33.959042399999994,
    "p25": 34.048404999999995,
    "p50": 34.166646,
    "p75": 34.572595,
    "p90": 35.483295999999996,
    "p95": 36.102187699999995,
    "p99": 38.926211959999996,
    "min": 0.03392,
    "max": 4112.011488,
    "std": 9.548925005846607
  },
  "total_output_tokens": {
    "unit": "tokens",
    "avg": 255351.0
  },
  "total_reasoning_tokens": null,
  "benchmark_duration": {
    "unit": "sec",
    "avg": 10638.034169987
  },
  "total_isl": {
    "unit": "tokens",
    "avg": 4096000.0
  },
  "total_osl": {
    "unit": "tokens",
    "avg": 255351.0
  },
  "error_request_count": null,
  "error_isl": null,
  "total_error_isl": null,
  "telemetry_data": {
    "summary": {
      "endpoints_configured": [],
      "endpoints_successful": [],
      "start_time": "2025-12-20T21:40:58.233319",
      "end_time": "2025-12-21T00:38:16.281145"
    },
    "endpoints": {}
  },
  "input_config": {
    "endpoint": {
      "model_names": [
        "holtmann/gemma-3-27b-it-NVFP4"
      ],
      "type": "chat",
      "streaming": true,
      "url": "http://localhost:8000",
      "timeout_seconds": 120.0
    },
    "input": {
      "dataset_sampling_strategy": "shuffle",
      "random_seed": 42,
      "prompt": {
        "input_tokens": {
          "mean": 8192
        },
        "output_tokens": {
          "mean": 512
        }
      }
    },
    "output": {
      "artifact_directory": "/tmp/aiperf_results"
    },
    "loadgen": {
      "concurrency": 4,
      "request_rate_mode": "concurrency_burst",
      "request_count": 500,
      "warmup_request_count": 5
    },
    "cli_command": "aiperf profile --model \"holtmann/gemma-3-27b-it-NVFP4\" --url \"http://localhost:8000\" --output-artifact-dir \"/tmp/aiperf_results\" --random-seed 42 --request-timeout-seconds 120 --endpoint-type \"chat\" --streaming --concurrency 4 --synthetic-input-tokens-mean 8192 --output-tokens-mean 512 --request-count 500 --warmup-request-count 5 --dataset-sampling-strategy \"shuffle\""
  },
  "was_cancelled": false,
  "error_summary": [],
  "start_time": "2025-12-20T21:40:58.233319",
  "end_time": "2025-12-21T00:38:16.281145",
  "time_to_first_output_token": {
    "unit": "ms",
    "avg": 67206.945055198,
    "p1": 59817.27377837,
    "p5": 66499.976665,
    "p10": 66581.41847919999,
    "p25": 66719.76269974999,
    "p50": 67009.8343075,
    "p75": 68162.48174725,
    "p90": 69106.8717928,
    "p95": 69496.34352724999,
    "p99": 71274.61435463,
    "min": 3588.5390079999997,
    "max": 75566.347087,
    "std": 3832.8247797962263
  },
  "prefill_throughput": {
    "unit": "tokens/sec",
    "avg": 126.3436204461927,
    "p1": 114.93573246917667,
    "p5": 117.87670819278851,
    "p10": 118.54103370622605,
    "p25": 120.1834174953951,
    "p50": 122.25071267044865,
    "p75": 122.78221127774576,
    "p90": 123.0373306415804,
    "p95": 123.18801315284534,
    "p99": 136.9504071888064,
    "min": 108.40804558897757,
    "max": 2282.8231716967307,
    "std": 97.06977982728611
  }
}