{
  "request_throughput": {
    "unit": "requests/sec",
    "avg": 0.1937282500878176
  },
  "request_latency": {
    "unit": "ms",
    "avg": 20556.083055152,
    "p1": 15974.01620997,
    "p5": 16026.2864552,
    "p10": 16137.4377981,
    "p25": 16812.06203275,
    "p50": 18619.9632815,
    "p75": 24007.2141815,
    "p90": 26986.3069683,
    "p95": 29170.4321462,
    "p99": 29236.76399431,
    "min": 10506.779021,
    "max": 31022.543967999998,
    "std": 4196.9041944742785
  },
  "request_count": {
    "unit": "requests",
    "avg": 500.0
  },
  "time_to_first_token": {
    "unit": "ms",
    "avg": 5721.887324464,
    "p1": 1065.69367111,
    "p5": 1068.0218136,
    "p10": 1294.4492957999998,
    "p25": 2335.29376475,
    "p50": 3675.123037,
    "p75": 9013.11611175,
    "p90": 12055.1288763,
    "p95": 14222.7828314,
    "p99": 14290.754822999988,
    "min": 1018.4466699999999,
    "max": 16583.363562,
    "std": 4137.076318005273
  },
  "time_to_second_token": {
    "unit": "ms",
    "avg": 33.269101905999996,
    "p1": 26.747465260000002,
    "p5": 26.855794649999996,
    "p10": 26.8771918,
    "p25": 26.933189249999998,
    "p50": 27.0006965,
    "p75": 27.10925275,
    "p90": 27.688780400000006,
    "p95": 30.175402,
    "p99": 523.08527674,
    "min": 26.185696,
    "max": 524.125441,
    "std": 54.05192421532961
  },
  "inter_token_latency": {
    "unit": "ms",
    "avg": 29.227605381081652,
    "p1": 28.256067102720156,
    "p5": 28.30428843620352,
    "p10": 28.71834131917808,
    "p25": 29.247545267612523,
    "p50": 29.28675213600783,
    "p75": 29.335588639432483,
    "p90": 29.3823557888454,
    "p95": 29.44959475547945,
    "p99": 30.218625464090017,
    "min": 27.112875577299413,
    "max": 34.69905880597015,
    "std": 0.4356475505113791
  },
  "output_token_throughput": {
    "unit": "tokens/sec",
    "avg": 98.54297405916982
  },
  "output_token_throughput_per_user": {
    "unit": "tokens/sec/user",
    "avg": 34.22160135754889,
    "p1": 33.09217370742785,
    "p5": 33.95632464747877,
    "p10": 34.03403073651784,
    "p25": 34.088288200253686,
    "p50": 34.14513140126576,
    "p75": 34.19090357337532,
    "p90": 34.820952809900064,
    "p95": 35.33033527061985,
    "p99": 35.39062943324421,
    "min": 28.819225489422927,
    "max": 36.882845463919075,
    "std": 0.4966613609490983
  },
  "output_sequence_length": {
    "unit": "tokens",
    "avg": 508.666,
    "p1": 412.97,
    "p5": 512.0,
    "p10": 512.0,
    "p25": 512.0,
    "p50": 512.0,
    "p75": 512.0,
    "p90": 512.0,
    "p95": 512.0,
    "p99": 513.0,
    "min": 68.0,
    "max": 514.0,
    "std": 26.51826623291953
  },
  "input_sequence_length": {
    "unit": "tokens",
    "avg": 8192.0,
    "p1": 8192.0,
    "p5": 8192.0,
    "p10": 8192.0,
    "p25": 8192.0,
    "p50": 8192.0,
    "p75": 8192.0,
    "p90": 8192.0,
    "p95": 8192.0,
    "p99": 8192.0,
    "min": 8192.0,
    "max": 8192.0,
    "std": 0.0
  },
  "goodput": null,
  "good_request_count": null,
  "output_token_count": {
    "unit": "tokens",
    "avg": 508.666,
    "p1": 412.97,
    "p5": 512.0,
    "p10": 512.0,
    "p25": 512.0,
    "p50": 512.0,
    "p75": 512.0,
    "p90": 512.0,
    "p95": 512.0,
    "p99": 513.0,
    "min": 68.0,
    "max": 514.0,
    "std": 26.51826623291953
  },
  "reasoning_token_count": null,
  "min_request_timestamp": {
    "unit": "ns",
    "avg": 1.7660805060455654e18
  },
  "max_response_timestamp": {
    "unit": "ns",
    "avg": 1.7660830869804562e18
  },
  "inter_chunk_latency": {
    "unit": "ms",
    "avg": 29.221420611699447,
    "p1": 26.999851149999998,
    "p5": 27.125826449999998,
    "p10": 27.163600499999998,
    "p25": 27.2207145,
    "p50": 27.2862545,
    "p75": 27.365809499999997,
    "p90": 27.495178199999998,
    "p95": 27.647157,
    "p99": 32.17367506999995,
    "min": 2.027131,
    "max": 530.9846699999999,
    "std": 30.376770242446426
  },
  "total_output_tokens": {
    "unit": "tokens",
    "avg": 254333.0
  },
  "total_reasoning_tokens": null,
  "benchmark_duration": {
    "unit": "sec",
    "avg": 2580.9348908760003
  },
  "total_isl": {
    "unit": "tokens",
    "avg": 4096000.0
  },
  "total_osl": {
    "unit": "tokens",
    "avg": 254333.0
  },
  "error_request_count": null,
  "error_isl": null,
  "total_error_isl": null,
  "telemetry_data": {
    "summary": {
      "endpoints_configured": [],
      "endpoints_successful": [],
      "start_time": "2025-12-18T17:55:06.042713",
      "end_time": "2025-12-18T18:38:06.989244"
    },
    "endpoints": {}
  },
  "input_config": {
    "endpoint": {
      "model_names": [
        "holtmann/gemma-3-27b-it-NVFP4"
      ],
      "type": "chat",
      "streaming": true,
      "url": "http://localhost:8000",
      "timeout_seconds": 120.0
    },
    "input": {
      "dataset_sampling_strategy": "shuffle",
      "random_seed": 42,
      "prompt": {
        "input_tokens": {
          "mean": 8192
        },
        "output_tokens": {
          "mean": 512
        }
      }
    },
    "output": {
      "artifact_directory": "/tmp/aiperf_results"
    },
    "loadgen": {
      "concurrency": 4,
      "request_rate_mode": "concurrency_burst",
      "request_count": 500,
      "warmup_request_count": 5
    },
    "cli_command": "aiperf profile --model \"holtmann/gemma-3-27b-it-NVFP4\" --url \"http://localhost:8000\" --output-artifact-dir \"/tmp/aiperf_results\" --random-seed 42 --request-timeout-seconds 120 --endpoint-type \"chat\" --streaming --concurrency 4 --synthetic-input-tokens-mean 8192 --output-tokens-mean 512 --request-count 500 --warmup-request-count 5 --dataset-sampling-strategy \"shuffle\""
  },
  "was_cancelled": false,
  "error_summary": [],
  "start_time": "2025-12-18T17:55:06.042713",
  "end_time": "2025-12-18T18:38:06.989244",
  "time_to_first_output_token": {
    "unit": "ms",
    "avg": 5721.887324464,
    "p1": 1065.69367111,
    "p5": 1068.0218136,
    "p10": 1294.4492957999998,
    "p25": 2335.29376475,
    "p50": 3675.123037,
    "p75": 9013.11611175,
    "p90": 12055.1288763,
    "p95": 14222.7828314,
    "p99": 14290.754822999988,
    "min": 1018.4466699999999,
    "max": 16583.363562,
    "std": 4137.076318005273
  },
  "prefill_throughput": {
    "unit": "tokens/sec",
    "avg": 2676.997770208803,
    "p1": 573.2744645257922,
    "p5": 575.9772996000693,
    "p10": 679.5447883683293,
    "p25": 908.8976474111905,
    "p50": 2229.0419362829753,
    "p75": 3507.909862573337,
    "p90": 6328.560102685856,
    "p95": 7670.255343580874,
    "p99": 7687.011971012415,
    "min": 493.9890492886246,
    "max": 8043.621960097331,
    "std": 2169.386839390855
  }
}