{
  "request_throughput": {
    "unit": "requests/sec",
    "avg": 0.04714669668298729
  },
  "request_latency": {
    "unit": "ms",
    "avg": 84808.49213809599,
    "p1": 43845.03909382,
    "p5": 65159.053982649995,
    "p10": 83329.87798060001,
    "p25": 84170.46521625,
    "p50": 85156.874596,
    "p75": 85795.52833775,
    "p90": 96404.8123832,
    "p95": 103303.25327345,
    "p99": 104684.87263670999,
    "min": 25024.187952,
    "max": 117832.379496,
    "std": 10594.436001598515
  },
  "request_count": {
    "unit": "requests",
    "avg": 500.0
  },
  "time_to_first_token": {
    "unit": "ms",
    "avg": 20050.944517436,
    "p1": 17637.3002319,
    "p5": 17822.3112113,
    "p10": 17930.0838558,
    "p25": 18270.18111925,
    "p50": 18517.160614,
    "p75": 18657.5647515,
    "p90": 23014.0934675,
    "p95": 36201.25309525,
    "p99": 37019.75943442996,
    "min": 240.866347,
    "max": 73495.967743,
    "std": 5621.414478017431
  },
  "time_to_second_token": {
    "unit": "ms",
    "avg": 340.516748382,
    "p1": 22.644123699999998,
    "p5": 23.233520149999997,
    "p10": 23.3808269,
    "p25": 23.70807725,
    "p50": 23.9718935,
    "p75": 24.27812625,
    "p90": 24.9195484,
    "p95": 4520.642411649999,
    "p99": 4606.381588529999,
    "min": 22.458973,
    "max": 4609.763626999999,
    "std": 1153.8269313382104
  },
  "inter_token_latency": {
    "unit": "ms",
    "avg": 130.03821622395148,
    "p1": 67.63525462464423,
    "p5": 95.38227026242662,
    "p10": 106.71241704214569,
    "p25": 128.6891913909002,
    "p50": 130.51150336007828,
    "p75": 131.62993954158512,
    "p90": 156.71607133431723,
    "p95": 166.0669188276908,
    "p99": 173.40373838438353,
    "min": 23.786397955710953,
    "max": 368.7816252138365,
    "std": 22.421438227961414
  },
  "output_token_throughput": {
    "unit": "tokens/sec",
    "avg": 23.53600815772072
  },
  "output_token_throughput_per_user": {
    "unit": "tokens/sec/user",
    "avg": 8.046652460886737,
    "p1": 5.766904557019013,
    "p5": 6.021668907585424,
    "p10": 6.3809707036258985,
    "p25": 7.597055833398618,
    "p50": 7.662159842292213,
    "p75": 7.770660547813328,
    "p90": 9.371042519629173,
    "p95": 10.484128822951025,
    "p99": 14.785669887910895,
    "min": 2.711631848306309,
    "max": 42.04083366728953,
    "std": 2.9438674242899805
  },
  "output_sequence_length": {
    "unit": "tokens",
    "avg": 499.208,
    "p1": 288.89,
    "p5": 406.85,
    "p10": 489.8,
    "p25": 512.0,
    "p50": 512.0,
    "p75": 512.0,
    "p90": 512.0,
    "p95": 512.0,
    "p99": 513.0,
    "min": 105.0,
    "max": 514.0,
    "std": 45.60242028664707
  },
  "input_sequence_length": {
    "unit": "tokens",
    "avg": 32768.06,
    "p1": 32768.0,
    "p5": 32768.0,
    "p10": 32768.0,
    "p25": 32768.0,
    "p50": 32768.0,
    "p75": 32768.0,
    "p90": 32768.0,
    "p95": 32768.0,
    "p99": 32770.0,
    "min": 32768.0,
    "max": 32770.0,
    "std": 0.3411744421846396
  },
  "goodput": null,
  "good_request_count": null,
  "output_token_count": {
    "unit": "tokens",
    "avg": 499.208,
    "p1": 288.89,
    "p5": 406.85,
    "p10": 489.8,
    "p25": 512.0,
    "p50": 512.0,
    "p75": 512.0,
    "p90": 512.0,
    "p95": 512.0,
    "p99": 513.0,
    "min": 105.0,
    "max": 514.0,
    "std": 45.60242028664707
  },
  "reasoning_token_count": null,
  "min_request_timestamp": {
    "unit": "ns",
    "avg": 1.766319027007234e18
  },
  "max_response_timestamp": {
    "unit": "ns",
    "avg": 1.766329632204102e18
  },
  "inter_chunk_latency": {
    "unit": "ms",
    "avg": 130.01957117748864,
    "p1": 22.706455739999996,
    "p5": 23.3270881,
    "p10": 23.5844363,
    "p25": 23.750064,
    "p50": 23.9168095,
    "p75": 24.34524925,
    "p90": 25.1483544,
    "p95": 26.263864049999995,
    "p99": 4589.70546977,
    "min": 0.01273,
    "max": 11355.586431,
    "std": 685.2658180153238
  },
  "total_output_tokens": {
    "unit": "tokens",
    "avg": 249604.0
  },
  "total_reasoning_tokens": null,
  "benchmark_duration": {
    "unit": "sec",
    "avg": 10605.196868022
  },
  "total_isl": {
    "unit": "tokens",
    "avg": 16384030.0
  },
  "total_osl": {
    "unit": "tokens",
    "avg": 249604.0
  },
  "error_request_count": null,
  "error_isl": null,
  "total_error_isl": null,
  "telemetry_data": {
    "summary": {
      "endpoints_configured": [],
      "endpoints_successful": [],
      "start_time": "2025-12-21T12:10:27.004008",
      "end_time": "2025-12-21T15:07:12.230815"
    },
    "endpoints": {}
  },
  "input_config": {
    "endpoint": {
      "model_names": [
        "holtmann/gemma-3-27b-it-NVFP4"
      ],
      "type": "chat",
      "streaming": true,
      "url": "http://localhost:8000",
      "timeout_seconds": 120.0
    },
    "input": {
      "dataset_sampling_strategy": "shuffle",
      "random_seed": 42,
      "prompt": {
        "input_tokens": {
          "mean": 32768
        },
        "output_tokens": {
          "mean": 512
        }
      }
    },
    "output": {
      "artifact_directory": "/tmp/aiperf_results"
    },
    "loadgen": {
      "concurrency": 4,
      "request_rate_mode": "concurrency_burst",
      "request_count": 500,
      "warmup_request_count": 5
    },
    "cli_command": "aiperf profile --model \"holtmann/gemma-3-27b-it-NVFP4\" --url \"http://localhost:8000\" --output-artifact-dir \"/tmp/aiperf_results\" --random-seed 42 --request-timeout-seconds 120 --endpoint-type \"chat\" --streaming --concurrency 4 --synthetic-input-tokens-mean 32768 --output-tokens-mean 512 --request-count 500 --warmup-request-count 5 --dataset-sampling-strategy \"shuffle\""
  },
  "was_cancelled": false,
  "error_summary": [],
  "start_time": "2025-12-21T12:10:27.004008",
  "end_time": "2025-12-21T15:07:12.230815",
  "time_to_first_output_token": {
    "unit": "ms",
    "avg": 20050.944517436,
    "p1": 17637.3002319,
    "p5": 17822.3112113,
    "p10": 17930.0838558,
    "p25": 18270.18111925,
    "p50": 18517.160614,
    "p75": 18657.5647515,
    "p90": 23014.0934675,
    "p95": 36201.25309525,
    "p99": 37019.75943442996,
    "min": 240.866347,
    "max": 73495.967743,
    "std": 5621.414478017431
  },
  "prefill_throughput": {
    "unit": "tokens/sec",
    "avg": 2212.5684685832707,
    "p1": 885.2478466253793,
    "p5": 905.1620474006457,
    "p10": 1423.8232041872539,
    "p25": 1756.284941056375,
    "p50": 1769.6017599952602,
    "p75": 1793.5509163221138,
    "p90": 1827.5430465171507,
    "p95": 1838.5943334503202,
    "p99": 1857.8807489268809,
    "min": 445.84758873551846,
    "max": 136042.25085042702,
    "std": 8226.827439738528
  }
}