{
  "request_throughput": {
    "unit": "requests/sec",
    "avg": 0.8598077735692529
  },
  "request_latency": {
    "unit": "ms",
    "avg": 4622.092341022,
    "p1": 1774.9376630599997,
    "p5": 2534.70375755,
    "p10": 2841.1094,
    "p25": 3603.375357,
    "p50": 4582.0792585,
    "p75": 5747.98761925,
    "p90": 6205.360643,
    "p95": 6599.3758351,
    "p99": 7049.71644315,
    "min": 1085.1661299999998,
    "max": 7132.122125999999,
    "std": 1299.9957161949912
  },
  "request_count": {
    "unit": "requests",
    "avg": 500.0
  },
  "time_to_first_token": {
    "unit": "ms",
    "avg": 519.276244594,
    "p1": 49.858339689999994,
    "p5": 61.80531439999999,
    "p10": 489.80127489999995,
    "p25": 494.82216775,
    "p50": 501.1386645,
    "p75": 503.80140324999996,
    "p90": 511.08284699999996,
    "p95": 924.8815102499999,
    "p99": 959.6784516899992,
    "min": 46.842991999999995,
    "max": 1862.8894,
    "std": 197.59953604626082
  },
  "time_to_second_token": {
    "unit": "ms",
    "avg": 12.883336228,
    "p1": 6.48996574,
    "p5": 7.2643479,
    "p10": 7.346535599999999,
    "p25": 7.50732675,
    "p50": 7.6750345,
    "p75": 7.8336827499999995,
    "p90": 8.0311864,
    "p95": 8.210530299999999,
    "p99": 438.40360515,
    "min": 0.025238,
    "max": 439.42044999999996,
    "std": 46.943822172846154
  },
  "inter_token_latency": {
    "unit": "ms",
    "avg": 11.0959145340065,
    "p1": 7.815312304848178,
    "p5": 9.112159610721717,
    "p10": 9.481756278413792,
    "p25": 10.33913920567729,
    "p50": 11.166635922701063,
    "p75": 11.97731657892726,
    "p90": 12.740753171806025,
    "p95": 13.210238292841556,
    "p99": 14.373984564855087,
    "min": 6.635854124015747,
    "max": 17.221402268965516,
    "std": 1.3483862490641696
  },
  "output_token_throughput": {
    "unit": "tokens/sec",
    "avg": 319.4787744251273
  },
  "output_token_throughput_per_user": {
    "unit": "tokens/sec/user",
    "avg": 91.52645254765505,
    "p1": 69.57016921364414,
    "p5": 75.69886511642424,
    "p10": 78.48832238172477,
    "p25": 83.49115772228528,
    "p50": 89.55248536499039,
    "p75": 96.71985101548842,
    "p90": 105.46569971770634,
    "p95": 109.74346953739615,
    "p99": 127.95394025603447,
    "min": 58.06728072324796,
    "max": 150.6965013563078,
    "std": 11.805741967097907
  },
  "output_sequence_length": {
    "unit": "tokens",
    "avg": 371.57,
    "p1": 140.97,
    "p5": 192.9,
    "p10": 217.0,
    "p25": 282.75,
    "p50": 364.0,
    "p75": 503.0,
    "p90": 503.0,
    "p95": 509.0,
    "p99": 509.0,
    "min": 92.0,
    "max": 509.0,
    "std": 111.22110006648917
  },
  "input_sequence_length": {
    "unit": "tokens",
    "avg": 8192.0,
    "p1": 8192.0,
    "p5": 8192.0,
    "p10": 8192.0,
    "p25": 8192.0,
    "p50": 8192.0,
    "p75": 8192.0,
    "p90": 8192.0,
    "p95": 8192.0,
    "p99": 8192.0,
    "min": 8192.0,
    "max": 8192.0,
    "std": 0.0
  },
  "goodput": null,
  "good_request_count": null,
  "output_token_count": {
    "unit": "tokens",
    "avg": 120.66160520607376,
    "p1": 23.800000000000004,
    "p5": 45.0,
    "p10": 53.0,
    "p25": 71.0,
    "p50": 109.0,
    "p75": 148.0,
    "p90": 211.0,
    "p95": 268.0,
    "p99": 326.39999999999986,
    "min": 2.0,
    "max": 410.0,
    "std": 67.43077450344768
  },
  "reasoning_token_count": {
    "unit": "tokens",
    "avg": 260.32,
    "p1": 69.96000000000001,
    "p5": 102.95,
    "p10": 130.9,
    "p25": 168.75,
    "p50": 240.0,
    "p75": 324.0,
    "p90": 460.5000000000001,
    "p95": 509.0,
    "p99": 509.0,
    "min": 31.0,
    "max": 509.0,
    "std": 117.43586164370745
  },
  "min_request_timestamp": {
    "unit": "ns",
    "avg": 1.7660957367675817e18
  },
  "max_response_timestamp": {
    "unit": "ns",
    "avg": 1.7660963182929126e18
  },
  "inter_chunk_latency": {
    "unit": "ms",
    "avg": 11.132983372845482,
    "p1": 6.368924499999999,
    "p5": 7.214058849999999,
    "p10": 7.335071299999999,
    "p25": 7.50742175,
    "p50": 7.6980955,
    "p75": 7.892976999999999,
    "p90": 8.1031417,
    "p95": 8.444849150000001,
    "p99": 27.390030459997707,
    "min": 0.008784,
    "max": 507.813409,
    "std": 37.14338722459315
  },
  "total_output_tokens": {
    "unit": "tokens",
    "avg": 55625.0
  },
  "total_reasoning_tokens": {
    "unit": "tokens",
    "avg": 130160.0
  },
  "benchmark_duration": {
    "unit": "sec",
    "avg": 581.5253308590001
  },
  "total_isl": {
    "unit": "tokens",
    "avg": 4096000.0
  },
  "total_osl": {
    "unit": "tokens",
    "avg": 185785.0
  },
  "error_request_count": null,
  "error_isl": null,
  "total_error_isl": null,
  "telemetry_data": {
    "summary": {
      "endpoints_configured": [],
      "endpoints_successful": [],
      "start_time": "2025-12-18T22:08:56.764662",
      "end_time": "2025-12-18T22:18:38.298312"
    },
    "endpoints": {}
  },
  "input_config": {
    "endpoint": {
      "model_names": [
        "openai/gpt-oss-20b"
      ],
      "type": "chat",
      "streaming": true,
      "url": "http://localhost:8000",
      "timeout_seconds": 120.0
    },
    "input": {
      "dataset_sampling_strategy": "shuffle",
      "random_seed": 42,
      "prompt": {
        "input_tokens": {
          "mean": 8192
        },
        "output_tokens": {
          "mean": 512
        }
      }
    },
    "output": {
      "artifact_directory": "/tmp/aiperf_results"
    },
    "loadgen": {
      "concurrency": 4,
      "request_rate_mode": "concurrency_burst",
      "request_count": 500,
      "warmup_request_count": 5
    },
    "cli_command": "aiperf profile --model \"openai/gpt-oss-20b\" --url \"http://localhost:8000\" --output-artifact-dir \"/tmp/aiperf_results\" --random-seed 42 --request-timeout-seconds 120 --endpoint-type \"chat\" --streaming --concurrency 4 --synthetic-input-tokens-mean 8192 --output-tokens-mean 512 --request-count 500 --warmup-request-count 5 --dataset-sampling-strategy \"shuffle\""
  },
  "was_cancelled": false,
  "error_summary": [],
  "start_time": "2025-12-18T22:08:56.764662",
  "end_time": "2025-12-18T22:18:38.298312",
  "time_to_first_output_token": {
    "unit": "ms",
    "avg": 3196.693780470716,
    "p1": 1126.9809908,
    "p5": 1519.444235,
    "p10": 1733.036878,
    "p25": 2417.937457,
    "p50": 3078.6414999999997,
    "p75": 3895.353616,
    "p90": 4701.052254,
    "p95": 5313.620191,
    "p99": 5984.478028799999,
    "min": 660.41998,
    "max": 6540.254739999999,
    "std": 1116.2726523433528
  },
  "prefill_throughput": {
    "unit": "tokens/sec",
    "avg": 22862.786509182104,
    "p1": 8536.84374526216,
    "p5": 8857.351000260109,
    "p10": 16028.712816303443,
    "p25": 16260.375564430109,
    "p50": 16346.77302549648,
    "p75": 16555.442683628782,
    "p90": 16725.150574243395,
    "p95": 132545.23628463427,
    "p99": 164305.52727082776,
    "min": 4397.469865897568,
    "max": 174882.0826816528,
    "std": 30334.04772661953
  }
}