{
  "request_throughput": {
    "unit": "requests/sec",
    "avg": 0.1439958847063654
  },
  "request_latency": {
    "unit": "ms",
    "avg": 27749.480320234,
    "p1": 14443.832433309999,
    "p5": 25254.003036449998,
    "p10": 25471.223415,
    "p25": 26624.01319225,
    "p50": 27469.200142499998,
    "p75": 29271.40789,
    "p90": 31396.1165579,
    "p95": 31992.439143049993,
    "p99": 35609.574903119996,
    "min": 12054.958953,
    "max": 43850.064533,
    "std": 3145.717977006302
  },
  "request_count": {
    "unit": "requests",
    "avg": 500.0
  },
  "time_to_first_token": {
    "unit": "ms",
    "avg": 11253.64666619,
    "p1": 6123.5648601,
    "p5": 9418.3206347,
    "p10": 9451.4917756,
    "p25": 9810.66277675,
    "p50": 10741.835597,
    "p75": 12193.162494,
    "p90": 14215.1983785,
    "p95": 14412.005787849994,
    "p99": 15528.111649339999,
    "min": 4226.4551089999995,
    "max": 26599.602995999998,
    "std": 2012.2260438766623
  },
  "time_to_second_token": {
    "unit": "ms",
    "avg": 933.2373067799999,
    "p1": 12.5881987,
    "p5": 17.84801425,
    "p10": 20.078020900000002,
    "p25": 38.156392,
    "p50": 1280.3148039999999,
    "p75": 1292.5180504999998,
    "p90": 1307.9843067999998,
    "p95": 1316.7776181,
    "p99": 1359.9127134199998,
    "min": 8.862883,
    "max": 2972.6900889999997,
    "std": 580.2747292319103
  },
  "inter_token_latency": {
    "unit": "ms",
    "avg": 65.65509677217074,
    "p1": 41.006175779887464,
    "p5": 61.93079351392157,
    "p10": 62.051594250196075,
    "p25": 62.27115043529412,
    "p50": 67.18395953137255,
    "p75": 67.54309503921569,
    "p90": 67.89821535058825,
    "p95": 73.45879007062118,
    "p99": 88.32337044929412,
    "min": 18.514350301960786,
    "max": 126.40915558064515,
    "std": 7.385049243785843
  },
  "output_token_throughput": {
    "unit": "tokens/sec",
    "avg": 36.2829310612323
  },
  "output_token_throughput_per_user": {
    "unit": "tokens/sec/user",
    "avg": 15.486557251726019,
    "p1": 11.322031724480032,
    "p5": 13.6130990194358,
    "p10": 14.727927609141386,
    "p25": 14.805362406669191,
    "p50": 14.884505429750844,
    "p75": 16.0588007942662,
    "p90": 16.115621414155648,
    "p95": 16.147056148329504,
    "p99": 24.386807606733047,
    "min": 7.910819397587311,
    "max": 54.012157255882414,
    "std": 2.7854385091148854
  },
  "output_sequence_length": {
    "unit": "tokens",
    "avg": 251.972,
    "p1": 62.96,
    "p5": 256.0,
    "p10": 256.0,
    "p25": 256.0,
    "p50": 256.0,
    "p75": 256.0,
    "p90": 256.0,
    "p95": 256.0,
    "p99": 256.0,
    "min": 20.0,
    "max": 258.0,
    "std": 27.146845415259577
  },
  "input_sequence_length": {
    "unit": "tokens",
    "avg": 32000.06,
    "p1": 32000.0,
    "p5": 32000.0,
    "p10": 32000.0,
    "p25": 32000.0,
    "p50": 32000.0,
    "p75": 32000.0,
    "p90": 32000.0,
    "p95": 32000.0,
    "p99": 32002.0,
    "min": 32000.0,
    "max": 32002.0,
    "std": 0.34117444218463966
  },
  "goodput": null,
  "good_request_count": null,
  "output_token_count": {
    "unit": "tokens",
    "avg": 251.972,
    "p1": 62.96,
    "p5": 256.0,
    "p10": 256.0,
    "p25": 256.0,
    "p50": 256.0,
    "p75": 256.0,
    "p90": 256.0,
    "p95": 256.0,
    "p99": 256.0,
    "min": 20.0,
    "max": 258.0,
    "std": 27.146845415259577
  },
  "reasoning_token_count": null,
  "min_request_timestamp": {
    "unit": "ns",
    "avg": 1.7672493001557394e18
  },
  "max_response_timestamp": {
    "unit": "ns",
    "avg": 1.767252772477195e18
  },
  "inter_chunk_latency": {
    "unit": "ms",
    "avg": 78.48058258739236,
    "p1": 4.878487499999999,
    "p5": 10.0362118,
    "p10": 13.289823599999998,
    "p25": 18.707041,
    "p50": 21.997927999999998,
    "p75": 28.602576,
    "p90": 47.87068020000002,
    "p95": 91.10914679999996,
    "p99": 1375.33640032,
    "min": 0.04758,
    "max": 2972.821351,
    "std": 260.1311106034973
  },
  "total_output_tokens": {
    "unit": "tokens",
    "avg": 125986.0
  },
  "total_reasoning_tokens": null,
  "benchmark_duration": {
    "unit": "sec",
    "avg": 3472.321455711
  },
  "total_isl": {
    "unit": "tokens",
    "avg": 16000030.0
  },
  "total_osl": {
    "unit": "tokens",
    "avg": 125986.0
  },
  "error_request_count": null,
  "error_isl": null,
  "total_error_isl": null,
  "telemetry_data": {
    "summary": {
      "endpoints_configured": [],
      "endpoints_successful": [],
      "start_time": "2026-01-01T06:35:00.152203",
      "end_time": "2026-01-01T07:32:52.480129"
    },
    "endpoints": {}
  },
  "input_config": {
    "endpoint": {
      "model_names": [
        "holtmann/gemma-3-12b-it-NVFP4"
      ],
      "type": "chat",
      "streaming": true,
      "url": "http://localhost:8000",
      "timeout_seconds": 120.0
    },
    "input": {
      "dataset_sampling_strategy": "shuffle",
      "random_seed": 42,
      "prompt": {
        "input_tokens": {
          "mean": 32000
        },
        "output_tokens": {
          "mean": 256
        }
      }
    },
    "output": {
      "artifact_directory": "/tmp/aiperf_results"
    },
    "loadgen": {
      "concurrency": 4,
      "request_rate_mode": "concurrency_burst",
      "request_count": 500,
      "warmup_request_count": 5
    },
    "cli_command": "aiperf profile --model \"holtmann/gemma-3-12b-it-NVFP4\" --url \"http://localhost:8000\" --output-artifact-dir \"/tmp/aiperf_results\" --random-seed 42 --request-timeout-seconds 120 --endpoint-type \"chat\" --streaming --concurrency 4 --synthetic-input-tokens-mean 32000 --output-tokens-mean 256 --request-count 500 --warmup-request-count 5 --dataset-sampling-strategy \"shuffle\""
  },
  "was_cancelled": false,
  "error_summary": [],
  "start_time": "2026-01-01T06:35:00.152203",
  "end_time": "2026-01-01T07:32:52.480129",
  "time_to_first_output_token": {
    "unit": "ms",
    "avg": 11253.64666619,
    "p1": 6123.5648601,
    "p5": 9418.3206347,
    "p10": 9451.4917756,
    "p25": 9810.66277675,
    "p50": 10741.835597,
    "p75": 12193.162494,
    "p90": 14215.1983785,
    "p95": 14412.005787849994,
    "p99": 15528.111649339999,
    "min": 4226.4551089999995,
    "max": 26599.602995999998,
    "std": 2012.2260438766623
  },
  "prefill_throughput": {
    "unit": "tokens/sec",
    "avg": 2932.3720394963734,
    "p1": 2060.7788207610006,
    "p5": 2220.3758665494584,
    "p10": 2251.11174535307,
    "p25": 2624.4216871481167,
    "p50": 2979.0071935825927,
    "p75": 3261.757205404023,
    "p90": 3385.708931849037,
    "p95": 3397.6333195331713,
    "p99": 5226.406924207422,
    "min": 1203.025473906964,
    "max": 7571.356887680597,
    "std": 547.1019400334964
  }
}