{
  "request_throughput": {
    "unit": "requests/sec",
    "avg": 0.3675389430240377
  },
  "request_latency": {
    "unit": "ms",
    "avg": 10839.709480192,
    "p1": 4779.09861322,
    "p5": 5790.78905705,
    "p10": 6913.9471763,
    "p25": 8731.34724175,
    "p50": 11235.9102025,
    "p75": 12958.1651485,
    "p90": 14083.2031354,
    "p95": 15101.338955049998,
    "p99": 15854.103175769998,
    "min": 4312.254207999999,
    "max": 17445.23761,
    "std": 2809.8632091950676
  },
  "request_count": {
    "unit": "requests",
    "avg": 500.0
  },
  "time_to_first_token": {
    "unit": "ms",
    "avg": 1570.0215618319999,
    "p1": 88.85629093,
    "p5": 1479.23109915,
    "p10": 1489.252141,
    "p25": 1497.440915,
    "p50": 1505.904358,
    "p75": 1529.4075954999998,
    "p90": 1595.8709464,
    "p95": 2892.0270826999995,
    "p99": 3002.2289693899997,
    "min": 75.77935699999999,
    "max": 5776.704027,
    "std": 588.9827632491274
  },
  "time_to_second_token": {
    "unit": "ms",
    "avg": 16.424412914,
    "p1": 5.899998410000001,
    "p5": 11.8620309,
    "p10": 12.210840300000001,
    "p25": 12.585280749999999,
    "p50": 12.9264665,
    "p75": 13.315807249999999,
    "p90": 13.7981654,
    "p95": 15.77979594999998,
    "p99": 45.248013069999885,
    "min": 0.014289999999999999,
    "max": 1408.7740649999998,
    "std": 62.595520779817676
  },
  "inter_token_latency": {
    "unit": "ms",
    "avg": 23.53045721505886,
    "p1": 13.631111944204875,
    "p5": 17.17248752030395,
    "p10": 18.496944069264636,
    "p25": 21.523764303286853,
    "p50": 23.673987230440073,
    "p75": 25.705203483739435,
    "p90": 28.16744993676013,
    "p95": 29.81235502189232,
    "p99": 32.150667527863675,
    "min": 12.452620906249999,
    "max": 37.334474648351645,
    "std": 3.851714513189975
  },
  "output_token_throughput": {
    "unit": "tokens/sec",
    "avg": 145.3079912803254
  },
  "output_token_throughput_per_user": {
    "unit": "tokens/sec/user",
    "avg": 43.791572933108036,
    "p1": 31.104353352286882,
    "p5": 33.543151528174256,
    "p10": 35.5019721832017,
    "p25": 38.90263030872122,
    "p50": 42.240461946158476,
    "p75": 46.460275066733196,
    "p90": 54.063000733955896,
    "p95": 58.232732140211034,
    "p99": 73.36170840086301,
    "min": 26.78489544633651,
    "max": 80.30437989950353,
    "std": 8.243279065305861
  },
  "output_sequence_length": {
    "unit": "tokens",
    "avg": 395.354,
    "p1": 158.98,
    "p5": 213.8,
    "p10": 247.9,
    "p25": 308.5,
    "p50": 404.5,
    "p75": 503.0,
    "p90": 507.1,
    "p95": 509.0,
    "p99": 509.0,
    "min": 141.0,
    "max": 509.0,
    "std": 105.35435768870693
  },
  "input_sequence_length": {
    "unit": "tokens",
    "avg": 8192.0,
    "p1": 8192.0,
    "p5": 8192.0,
    "p10": 8192.0,
    "p25": 8192.0,
    "p50": 8192.0,
    "p75": 8192.0,
    "p90": 8192.0,
    "p95": 8192.0,
    "p99": 8192.0,
    "min": 8192.0,
    "max": 8192.0,
    "std": 0.0
  },
  "goodput": null,
  "good_request_count": null,
  "output_token_count": {
    "unit": "tokens",
    "avg": 116.12751677852349,
    "p1": 10.92,
    "p5": 36.6,
    "p10": 50.0,
    "p25": 73.0,
    "p50": 106.0,
    "p75": 141.5,
    "p90": 200.00000000000034,
    "p95": 260.09999999999997,
    "p99": 316.0,
    "min": 2.0,
    "max": 422.0,
    "std": 65.49569604425398
  },
  "reasoning_token_count": {
    "unit": "tokens",
    "avg": 291.536,
    "p1": 89.0,
    "p5": 122.95,
    "p10": 148.0,
    "p25": 199.0,
    "p50": 268.5,
    "p75": 377.25,
    "p90": 507.1,
    "p95": 509.0,
    "p99": 509.0,
    "min": 70.0,
    "max": 509.0,
    "std": 119.61697498265035
  },
  "min_request_timestamp": {
    "unit": "ns",
    "avg": 1.7663118361351096e18
  },
  "max_response_timestamp": {
    "unit": "ns",
    "avg": 1.7663131965351693e18
  },
  "inter_chunk_latency": {
    "unit": "ms",
    "avg": 23.607896861240995,
    "p1": 9.315578499999999,
    "p5": 12.010297999999999,
    "p10": 12.2774185,
    "p25": 12.647013999999999,
    "p50": 13.037773,
    "p75": 13.439257,
    "p90": 13.978842499999999,
    "p95": 15.423691499999999,
    "p99": 80.25880174999999,
    "min": 0.012029999999999999,
    "max": 2920.6449239999997,
    "std": 118.00555003232651
  },
  "total_output_tokens": {
    "unit": "tokens",
    "avg": 51909.0
  },
  "total_reasoning_tokens": {
    "unit": "tokens",
    "avg": 145768.0
  },
  "benchmark_duration": {
    "unit": "sec",
    "avg": 1360.4000596130002
  },
  "total_isl": {
    "unit": "tokens",
    "avg": 4096000.0
  },
  "total_osl": {
    "unit": "tokens",
    "avg": 197677.0
  },
  "error_request_count": null,
  "error_isl": null,
  "total_error_isl": null,
  "telemetry_data": {
    "summary": {
      "endpoints_configured": [],
      "endpoints_successful": [],
      "start_time": "2025-12-21T10:10:36.132333",
      "end_time": "2025-12-21T10:33:16.551779"
    },
    "endpoints": {}
  },
  "input_config": {
    "endpoint": {
      "model_names": [
        "openai/gpt-oss-20b"
      ],
      "type": "chat",
      "streaming": true,
      "url": "http://localhost:8000",
      "timeout_seconds": 120.0
    },
    "input": {
      "dataset_sampling_strategy": "shuffle",
      "random_seed": 42,
      "prompt": {
        "input_tokens": {
          "mean": 8192
        },
        "output_tokens": {
          "mean": 512
        }
      }
    },
    "output": {
      "artifact_directory": "/tmp/aiperf_results"
    },
    "loadgen": {
      "concurrency": 4,
      "request_rate_mode": "concurrency_burst",
      "request_count": 500,
      "warmup_request_count": 5
    },
    "cli_command": "aiperf profile --model \"openai/gpt-oss-20b\" --url \"http://localhost:8000\" --output-artifact-dir \"/tmp/aiperf_results\" --random-seed 42 --request-timeout-seconds 120 --endpoint-type \"chat\" --streaming --concurrency 4 --synthetic-input-tokens-mean 8192 --output-tokens-mean 512 --request-count 500 --warmup-request-count 5 --dataset-sampling-strategy \"shuffle\""
  },
  "was_cancelled": false,
  "error_summary": [],
  "start_time": "2025-12-21T10:10:36.132333",
  "end_time": "2025-12-21T10:33:16.551779",
  "time_to_first_output_token": {
    "unit": "ms",
    "avg": 7866.154134232662,
    "p1": 2824.7181669799998,
    "p5": 3637.5860116,
    "p10": 4417.1110241999995,
    "p25": 5832.5084019999995,
    "p50": 7546.264037999999,
    "p75": 9789.931956999999,
    "p90": 11487.216104000001,
    "p95": 12614.3549164,
    "p99": 14601.336959580012,
    "min": 2583.5501059999997,
    "max": 16693.304278,
    "std": 2738.543083344708
  },
  "prefill_throughput": {
    "unit": "tokens/sec",
    "avg": 8854.54514479207,
    "p1": 2728.639315573707,
    "p5": 2832.6154071322976,
    "p10": 5133.2593696815875,
    "p25": 5356.322301316381,
    "p50": 5439.920517026932,
    "p75": 5470.666601347697,
    "p90": 5500.747505727073,
    "p95": 5538.012632782617,
    "p99": 92193.81358362595,
    "min": 1418.1096974522216,
    "max": 108103.31895531918,
    "std": 17085.81848599353
  }
}