{
  "request_throughput": {
    "unit": "requests/sec",
    "avg": 0.11316521057499919
  },
  "request_latency": {
    "unit": "ms",
    "avg": 35254.793891898,
    "p1": 26551.764562759996,
    "p5": 26606.185729650002,
    "p10": 26622.402534099998,
    "p25": 26671.0021725,
    "p50": 31821.909765999997,
    "p75": 47385.042321249995,
    "p90": 47457.312548099995,
    "p95": 47490.540767649996,
    "p99": 47586.182240019996,
    "min": 20481.682803,
    "max": 52906.935913,
    "std": 8855.636071247305
  },
  "request_count": {
    "unit": "requests",
    "avg": 500.0
  },
  "time_to_first_token": {
    "unit": "ms",
    "avg": 17648.49509439,
    "p1": 10652.25117753,
    "p5": 10712.3259732,
    "p10": 10720.014796200001,
    "p25": 10738.66145925,
    "p50": 15940.460594499998,
    "p75": 26303.278168499997,
    "p90": 26350.7964053,
    "p95": 26376.453396099998,
    "p99": 26439.092614939997,
    "min": 10449.848759999999,
    "max": 31737.488914999998,
    "std": 6509.5922641478
  },
  "time_to_second_token": {
    "unit": "ms",
    "avg": 19.737975938,
    "p1": 18.52061495,
    "p5": 18.71211115,
    "p10": 18.841217699999998,
    "p25": 18.98497475,
    "p50": 19.1447975,
    "p75": 20.803278499999998,
    "p90": 20.9563421,
    "p95": 21.0919205,
    "p99": 21.73220457,
    "min": 18.338217999999998,
    "max": 48.711695,
    "std": 1.6155138332518646
  },
  "inter_token_latency": {
    "unit": "ms",
    "avg": 34.45399309140895,
    "p1": 30.984736681610535,
    "p5": 31.01935572729941,
    "p10": 31.037011907632092,
    "p25": 31.089852166829743,
    "p50": 31.16841596183953,
    "p75": 41.23004871526418,
    "p90": 41.320111913698625,
    "p95": 41.36169146301369,
    "p99": 41.46315433831702,
    "min": 19.027242925636006,
    "max": 42.38269286497064,
    "std": 4.829758171269214
  },
  "output_token_throughput": {
    "unit": "tokens/sec",
    "avg": 57.94149313608418
  },
  "output_token_throughput_per_user": {
    "unit": "tokens/sec/user",
    "avg": 29.56106907116798,
    "p1": 24.1177985986474,
    "p5": 24.176960966265543,
    "p10": 24.201289727609932,
    "p25": 24.25415518931316,
    "p50": 32.08376074716067,
    "p75": 32.16483612730064,
    "p90": 32.21959649269052,
    "p95": 32.23793585178908,
    "p99": 32.273955087708096,
    "min": 23.594536646974152,
    "max": 52.5562218293155,
    "std": 3.8607698031496946
  },
  "output_sequence_length": {
    "unit": "tokens",
    "avg": 512.008,
    "p1": 512.0,
    "p5": 512.0,
    "p10": 512.0,
    "p25": 512.0,
    "p50": 512.0,
    "p75": 512.0,
    "p90": 512.0,
    "p95": 512.0,
    "p99": 512.0,
    "min": 511.0,
    "max": 514.0,
    "std": 0.15471263684650968
  },
  "input_sequence_length": {
    "unit": "tokens",
    "avg": 8192.0,
    "p1": 8192.0,
    "p5": 8192.0,
    "p10": 8192.0,
    "p25": 8192.0,
    "p50": 8192.0,
    "p75": 8192.0,
    "p90": 8192.0,
    "p95": 8192.0,
    "p99": 8192.0,
    "min": 8192.0,
    "max": 8192.0,
    "std": 0.0
  },
  "goodput": null,
  "good_request_count": null,
  "output_token_count": {
    "unit": "tokens",
    "avg": 512.008,
    "p1": 512.0,
    "p5": 512.0,
    "p10": 512.0,
    "p25": 512.0,
    "p50": 512.0,
    "p75": 512.0,
    "p90": 512.0,
    "p95": 512.0,
    "p99": 512.0,
    "min": 511.0,
    "max": 514.0,
    "std": 0.15471263684650968
  },
  "reasoning_token_count": null,
  "min_request_timestamp": {
    "unit": "ns",
    "avg": 1.7663501809499912e18
  },
  "max_response_timestamp": {
    "unit": "ns",
    "avg": 1.766354599268991e18
  },
  "inter_chunk_latency": {
    "unit": "ms",
    "avg": 34.45459647261839,
    "p1": 18.97081664,
    "p5": 20.57786865,
    "p10": 20.7424218,
    "p25": 20.8546415,
    "p50": 20.929509499999998,
    "p75": 21.03915325,
    "p90": 21.308669,
    "p95": 21.735021,
    "p99": 23.31465743000002,
    "min": 0.025318,
    "max": 5220.908023,
    "std": 262.1278422882337
  },
  "total_output_tokens": {
    "unit": "tokens",
    "avg": 256004.0
  },
  "total_reasoning_tokens": null,
  "benchmark_duration": {
    "unit": "sec",
    "avg": 4418.318999801
  },
  "total_isl": {
    "unit": "tokens",
    "avg": 4096000.0
  },
  "total_osl": {
    "unit": "tokens",
    "avg": 256004.0
  },
  "error_request_count": null,
  "error_isl": null,
  "total_error_isl": null,
  "telemetry_data": {
    "summary": {
      "endpoints_configured": [],
      "endpoints_successful": [],
      "start_time": "2025-12-21T20:49:40.946072",
      "end_time": "2025-12-21T22:03:19.279425"
    },
    "endpoints": {}
  },
  "input_config": {
    "endpoint": {
      "model_names": [
        "RedHatAI/gemma-3-27b-it-quantized.w4a16"
      ],
      "type": "chat",
      "streaming": true,
      "url": "http://localhost:8000",
      "timeout_seconds": 120.0
    },
    "input": {
      "dataset_sampling_strategy": "shuffle",
      "random_seed": 42,
      "prompt": {
        "input_tokens": {
          "mean": 8192
        },
        "output_tokens": {
          "mean": 512
        }
      }
    },
    "output": {
      "artifact_directory": "/tmp/aiperf_results"
    },
    "loadgen": {
      "concurrency": 4,
      "request_rate_mode": "concurrency_burst",
      "request_count": 500,
      "warmup_request_count": 5
    },
    "cli_command": "aiperf profile --model \"RedHatAI/gemma-3-27b-it-quantized.w4a16\" --url \"http://localhost:8000\" --output-artifact-dir \"/tmp/aiperf_results\" --random-seed 42 --request-timeout-seconds 120 --endpoint-type \"chat\" --streaming --concurrency 4 --synthetic-input-tokens-mean 8192 --output-tokens-mean 512 --request-count 500 --warmup-request-count 5 --dataset-sampling-strategy \"shuffle\""
  },
  "was_cancelled": false,
  "error_summary": [],
  "start_time": "2025-12-21T20:49:40.946072",
  "end_time": "2025-12-21T22:03:19.279425",
  "time_to_first_output_token": {
    "unit": "ms",
    "avg": 17648.49509439,
    "p1": 10652.25117753,
    "p5": 10712.3259732,
    "p10": 10720.014796200001,
    "p25": 10738.66145925,
    "p50": 15940.460594499998,
    "p75": 26303.278168499997,
    "p90": 26350.7964053,
    "p95": 26376.453396099998,
    "p99": 26439.092614939997,
    "min": 10449.848759999999,
    "max": 31737.488914999998,
    "std": 6509.5922641478
  },
  "prefill_throughput": {
    "unit": "tokens/sec",
    "avg": 530.492234614261,
    "p1": 309.8442190604117,
    "p5": 310.5800418683183,
    "p10": 310.88244446302457,
    "p25": 311.4440697381493,
    "p50": 513.9123774162337,
    "p75": 762.8511275264275,
    "p90": 764.1780498158123,
    "p95": 764.726542827005,
    "p99": 769.0393268718735,
    "min": 258.11745919596797,
    "max": 783.9347906505012,
    "std": 185.58037383692619
  }
}