{
  "request_throughput": {
    "unit": "requests/sec",
    "avg": 1.962699656964895
  },
  "request_latency": {
    "unit": "ms",
    "avg": 30700.131122736,
    "p1": 7967.265764479999,
    "p5": 16733.30308445,
    "p10": 28922.2587479,
    "p25": 31753.255453499998,
    "p50": 32127.059011999998,
    "p75": 32491.49227975,
    "p90": 33059.6570841,
    "p95": 33563.854902549996,
    "p99": 34397.71179011,
    "min": 7255.877716999999,
    "max": 37283.580535,
    "std": 5172.857435712136
  },
  "request_count": {
    "unit": "requests",
    "avg": 500.0
  },
  "time_to_first_token": {
    "unit": "ms",
    "avg": 22445.448773361997,
    "p1": 1065.17483748,
    "p5": 8944.387126399999,
    "p10": 17347.8103008,
    "p25": 21611.374993499998,
    "p50": 24752.904503499998,
    "p75": 25081.51881125,
    "p90": 25476.999316499998,
    "p95": 25697.117063749996,
    "p99": 26484.45212495,
    "min": 1046.416724,
    "max": 27471.444706,
    "std": 5504.285930384597
  },
  "time_to_second_token": {
    "unit": "ms",
    "avg": 30.334826807999995,
    "p1": 20.94430912,
    "p5": 22.724079,
    "p10": 24.343383,
    "p25": 25.4351105,
    "p50": 26.404674,
    "p75": 28.079807499999998,
    "p90": 32.7057363,
    "p95": 58.03150294999989,
    "p99": 89.26990665999999,
    "min": 14.112905999999999,
    "max": 132.030787,
    "std": 14.872525209481733
  },
  "inter_token_latency": {
    "unit": "ms",
    "avg": 33.287760080979055,
    "p1": 27.218292799477908,
    "p5": 27.422975923015873,
    "p10": 27.73411399126984,
    "p25": 28.297945035351336,
    "p50": 29.323907083610187,
    "p75": 31.444216897648083,
    "p90": 51.209897048571435,
    "p95": 54.32786249424603,
    "p99": 58.13755631678571,
    "min": 18.39883538095238,
    "max": 59.32609195238095,
    "std": 8.8764109150373
  },
  "output_token_throughput": {
    "unit": "tokens/sec",
    "avg": 488.3157492535519
  },
  "output_token_throughput_per_user": {
    "unit": "tokens/sec/user",
    "avg": 31.66200606802525,
    "p1": 17.200586447914784,
    "p5": 18.406761648425263,
    "p10": 19.527573464223227,
    "p25": 31.80264576223166,
    "p50": 34.10187073642322,
    "p75": 35.338260064478256,
    "p90": 36.05667735908821,
    "p95": 36.465772458789566,
    "p99": 36.74001111490219,
    "min": 16.855989786124226,
    "max": 54.35126622390796,
    "std": 6.23474010100527
  },
  "output_sequence_length": {
    "unit": "tokens",
    "avg": 248.798,
    "p1": 152.94,
    "p5": 245.8,
    "p10": 247.0,
    "p25": 247.0,
    "p50": 253.0,
    "p75": 253.0,
    "p90": 253.0,
    "p95": 253.0,
    "p99": 253.0,
    "min": 119.0,
    "max": 259.0,
    "std": 15.12749800859349
  },
  "input_sequence_length": {
    "unit": "tokens",
    "avg": 256.0,
    "p1": 256.0,
    "p5": 256.0,
    "p10": 256.0,
    "p25": 256.0,
    "p50": 256.0,
    "p75": 256.0,
    "p90": 256.0,
    "p95": 256.0,
    "p99": 256.0,
    "min": 256.0,
    "max": 256.0,
    "std": 0.0
  },
  "goodput": null,
  "good_request_count": null,
  "output_token_count": {
    "unit": "tokens",
    "avg": 55.25954198473283,
    "p1": 2.0,
    "p5": 6.0,
    "p10": 16.0,
    "p25": 31.0,
    "p50": 54.0,
    "p75": 77.0,
    "p90": 99.0,
    "p95": 116.0,
    "p99": 139.69999999999987,
    "min": 1.0,
    "max": 152.0,
    "std": 33.3566404541231
  },
  "reasoning_token_count": {
    "unit": "tokens",
    "avg": 234.32,
    "p1": 99.95,
    "p5": 143.9,
    "p10": 171.0,
    "p25": 241.0,
    "p50": 253.0,
    "p75": 253.0,
    "p90": 253.0,
    "p95": 253.0,
    "p99": 253.0,
    "min": 72.0,
    "max": 259.0,
    "std": 37.89107546639446
  },
  "min_request_timestamp": {
    "unit": "ns",
    "avg": 1.7662411334006746e18
  },
  "max_response_timestamp": {
    "unit": "ns",
    "avg": 1.7662413881518272e18
  },
  "inter_chunk_latency": {
    "unit": "ms",
    "avg": 33.31160502891018,
    "p1": 17.337547999999998,
    "p5": 21.543478999999998,
    "p10": 22.796326,
    "p25": 24.490354999999997,
    "p50": 26.519806,
    "p75": 28.837588,
    "p90": 30.450900999999998,
    "p95": 33.009791,
    "p99": 119.50805,
    "min": 0.012879999999999999,
    "max": 7508.537802,
    "std": 140.36646562146612
  },
  "total_output_tokens": {
    "unit": "tokens",
    "avg": 7239.0
  },
  "total_reasoning_tokens": {
    "unit": "tokens",
    "avg": 117160.0
  },
  "benchmark_duration": {
    "unit": "sec",
    "avg": 254.751152692
  },
  "total_isl": {
    "unit": "tokens",
    "avg": 128000.0
  },
  "total_osl": {
    "unit": "tokens",
    "avg": 124399.0
  },
  "error_request_count": null,
  "error_isl": null,
  "total_error_isl": null,
  "telemetry_data": {
    "summary": {
      "endpoints_configured": [],
      "endpoints_successful": [],
      "start_time": "2025-12-20T14:32:13.391552",
      "end_time": "2025-12-20T14:36:28.162225"
    },
    "endpoints": {}
  },
  "input_config": {
    "endpoint": {
      "model_names": [
        "openai/gpt-oss-20b"
      ],
      "type": "chat",
      "streaming": true,
      "url": "http://localhost:8000",
      "timeout_seconds": 120.0
    },
    "input": {
      "dataset_sampling_strategy": "shuffle",
      "random_seed": 42,
      "prompt": {
        "input_tokens": {
          "mean": 256
        },
        "output_tokens": {
          "mean": 256
        }
      }
    },
    "output": {
      "artifact_directory": "/tmp/aiperf_results"
    },
    "loadgen": {
      "concurrency": 64,
      "request_rate_mode": "concurrency_burst",
      "request_count": 500,
      "warmup_request_count": 5
    },
    "cli_command": "aiperf profile --model \"openai/gpt-oss-20b\" --url \"http://localhost:8000\" --output-artifact-dir \"/tmp/aiperf_results\" --random-seed 42 --request-timeout-seconds 120 --endpoint-type \"chat\" --streaming --concurrency 64 --synthetic-input-tokens-mean 256 --output-tokens-mean 256 --request-count 500 --warmup-request-count 5 --dataset-sampling-strategy \"shuffle\""
  },
  "was_cancelled": false,
  "error_summary": [],
  "start_time": "2025-12-20T14:32:13.391552",
  "end_time": "2025-12-20T14:36:28.162225",
  "time_to_first_output_token": {
    "unit": "ms",
    "avg": 28682.62998985496,
    "p1": 6020.487870999999,
    "p5": 13156.987488499999,
    "p10": 27409.268184,
    "p25": 28998.3599835,
    "p50": 30302.017763,
    "p75": 31202.687487,
    "p90": 31923.749989,
    "p95": 32387.4529295,
    "p99": 33348.722881099995,
    "min": 5113.414869,
    "max": 33902.808909,
    "std": 5596.073178521779
  },
  "prefill_throughput": {
    "unit": "tokens/sec",
    "avg": 20.498697917415768,
    "p1": 9.666048615991443,
    "p5": 9.962208579865617,
    "p10": 10.048279110158768,
    "p25": 10.206718419293978,
    "p50": 10.34222064905103,
    "p75": 11.845614334782287,
    "p90": 14.756905659368318,
    "p95": 28.621301424465173,
    "p99": 240.33613200359713,
    "min": 9.318767277793999,
    "max": 244.64440803413612,
    "std": 44.69207049240382
  }
}