{
  "request_throughput": {
    "unit": "requests/sec",
    "avg": 0.7707797619970747
  },
  "request_latency": {
    "unit": "ms",
    "avg": 10293.111498552,
    "p1": 8146.65122422,
    "p5": 9918.6385483,
    "p10": 9973.4545198,
    "p25": 10336.23001225,
    "p50": 10367.3707005,
    "p75": 10392.811196749999,
    "p90": 10403.4189047,
    "p95": 10720.530971,
    "p99": 10812.612979709998,
    "min": 4449.583861,
    "max": 11167.407079999999,
    "std": 494.12541028003295
  },
  "request_count": {
    "unit": "requests",
    "avg": 500.0
  },
  "time_to_first_token": {
    "unit": "ms",
    "avg": 1413.543178774,
    "p1": 496.81366120000007,
    "p5": 512.77706315,
    "p10": 513.5782064,
    "p25": 514.34323175,
    "p50": 1343.7357275,
    "p75": 2177.0654529999997,
    "p90": 2603.6248818,
    "p95": 2637.9958166499996,
    "p99": 3434.17900615,
    "min": 61.467636999999996,
    "max": 3520.4537499999997,
    "std": 823.8357878058899
  },
  "time_to_second_token": {
    "unit": "ms",
    "avg": 198.143858968,
    "p1": 12.790747999999999,
    "p5": 12.9231465,
    "p10": 12.956752999999999,
    "p25": 13.0243605,
    "p50": 25.416338999999997,
    "p75": 434.13759375,
    "p90": 435.733011,
    "p95": 436.3744579,
    "p99": 436.98949863999997,
    "min": 9.908470999999999,
    "max": 439.554584,
    "std": 207.50918031866692
  },
  "inter_token_latency": {
    "unit": "ms",
    "avg": 17.471199724419606,
    "p1": 13.44342434262231,
    "p5": 14.337051309784734,
    "p10": 15.143575068101761,
    "p25": 16.008677722113504,
    "p50": 17.650194810176124,
    "p75": 19.272130046477496,
    "p90": 19.337812477299412,
    "p95": 19.348481884637962,
    "p99": 19.426441911952594,
    "min": 12.130468802348336,
    "max": 37.84539702884615,
    "std": 1.8969685488977865
  },
  "output_token_throughput": {
    "unit": "tokens/sec",
    "avg": 393.1809228328038
  },
  "output_token_throughput_per_user": {
    "unit": "tokens/sec/user",
    "avg": 57.865203820617374,
    "p1": 51.47680665590711,
    "p5": 51.683641434546026,
    "p10": 51.71215726641353,
    "p25": 51.88840037915348,
    "p50": 56.656598454651416,
    "p75": 62.466121111573756,
    "p90": 66.03460573552114,
    "p95": 69.74934942692424,
    "p99": 74.38581141905112,
    "min": 26.423292619649082,
    "max": 82.4370447914107,
    "std": 6.026638734965965
  },
  "output_sequence_length": {
    "unit": "tokens",
    "avg": 510.108,
    "p1": 509.6,
    "p5": 512.0,
    "p10": 512.0,
    "p25": 512.0,
    "p50": 512.0,
    "p75": 512.0,
    "p90": 512.0,
    "p95": 512.0,
    "p99": 512.0,
    "min": 105.0,
    "max": 514.0,
    "std": 24.54050398830472
  },
  "input_sequence_length": {
    "unit": "tokens",
    "avg": 8192.0,
    "p1": 8192.0,
    "p5": 8192.0,
    "p10": 8192.0,
    "p25": 8192.0,
    "p50": 8192.0,
    "p75": 8192.0,
    "p90": 8192.0,
    "p95": 8192.0,
    "p99": 8192.0,
    "min": 8192.0,
    "max": 8192.0,
    "std": 0.0
  },
  "goodput": null,
  "good_request_count": null,
  "output_token_count": {
    "unit": "tokens",
    "avg": 510.108,
    "p1": 509.6,
    "p5": 512.0,
    "p10": 512.0,
    "p25": 512.0,
    "p50": 512.0,
    "p75": 512.0,
    "p90": 512.0,
    "p95": 512.0,
    "p99": 512.0,
    "min": 105.0,
    "max": 514.0,
    "std": 24.54050398830472
  },
  "reasoning_token_count": null,
  "min_request_timestamp": {
    "unit": "ns",
    "avg": 1.7660281444327288e18
  },
  "max_response_timestamp": {
    "unit": "ns",
    "avg": 1.7660287931264604e18
  },
  "inter_chunk_latency": {
    "unit": "ms",
    "avg": 17.44121811574225,
    "p1": 13.034454599999998,
    "p5": 13.285798999999999,
    "p10": 13.332821599999999,
    "p25": 13.380433,
    "p50": 13.427024,
    "p75": 13.476065,
    "p90": 13.529586,
    "p95": 13.606716799999997,
    "p99": 25.738518159999998,
    "min": 0.02172,
    "max": 439.69431699999996,
    "std": 40.37134779398603
  },
  "total_output_tokens": {
    "unit": "tokens",
    "avg": 255054.0
  },
  "total_reasoning_tokens": null,
  "benchmark_duration": {
    "unit": "sec",
    "avg": 648.693731533
  },
  "total_isl": {
    "unit": "tokens",
    "avg": 4096000.0
  },
  "total_osl": {
    "unit": "tokens",
    "avg": 255054.0
  },
  "error_request_count": null,
  "error_isl": null,
  "total_error_isl": null,
  "telemetry_data": {
    "summary": {
      "endpoints_configured": [],
      "endpoints_successful": [],
      "start_time": "2025-12-18T03:22:24.428606",
      "end_time": "2025-12-18T03:33:13.134970"
    },
    "endpoints": {}
  },
  "input_config": {
    "endpoint": {
      "model_names": [
        "holtmann/gemma-3-12b-it-NVFP4"
      ],
      "type": "chat",
      "streaming": true,
      "url": "http://localhost:8000",
      "timeout_seconds": 120.0
    },
    "input": {
      "dataset_sampling_strategy": "shuffle",
      "random_seed": 42,
      "prompt": {
        "input_tokens": {
          "mean": 8192
        },
        "output_tokens": {
          "mean": 512
        }
      }
    },
    "output": {
      "artifact_directory": "/tmp/aiperf_results"
    },
    "loadgen": {
      "concurrency": 8,
      "request_rate_mode": "concurrency_burst",
      "request_count": 500,
      "warmup_request_count": 5
    },
    "cli_command": "aiperf profile --model \"holtmann/gemma-3-12b-it-NVFP4\" --url \"http://localhost:8000\" --output-artifact-dir \"/tmp/aiperf_results\" --random-seed 42 --request-timeout-seconds 120 --endpoint-type \"chat\" --streaming --concurrency 8 --synthetic-input-tokens-mean 8192 --output-tokens-mean 512 --request-count 500 --warmup-request-count 5 --dataset-sampling-strategy \"shuffle\""
  },
  "was_cancelled": false,
  "error_summary": [],
  "start_time": "2025-12-18T03:22:24.428606",
  "end_time": "2025-12-18T03:33:13.134970",
  "time_to_first_output_token": {
    "unit": "ms",
    "avg": 1413.543178774,
    "p1": 496.81366120000007,
    "p5": 512.77706315,
    "p10": 513.5782064,
    "p25": 514.34323175,
    "p50": 1343.7357275,
    "p75": 2177.0654529999997,
    "p90": 2603.6248818,
    "p95": 2637.9958166499996,
    "p99": 3434.17900615,
    "min": 61.467636999999996,
    "max": 3520.4537499999997,
    "std": 823.8357878058899
  },
  "prefill_throughput": {
    "unit": "tokens/sec",
    "avg": 9512.238621908573,
    "p1": 2385.432198134969,
    "p5": 3105.3913817396638,
    "p10": 3146.3829970577276,
    "p25": 3762.8635676789027,
    "p50": 6096.436974338019,
    "p75": 15927.107609098768,
    "p90": 15950.832606825119,
    "p95": 15975.753575791508,
    "p99": 17089.60446367732,
    "min": 2326.9727659396176,
    "max": 133273.38417125095,
    "std": 11711.684930661984
  }
}