{
  "request_throughput": {
    "unit": "requests/sec",
    "avg": 1.2139810691660768
  },
  "request_latency": {
    "unit": "ms",
    "avg": 6542.37294039,
    "p1": 1760.48842968,
    "p5": 2182.57040155,
    "p10": 2402.0078541999997,
    "p25": 2969.9813475,
    "p50": 4179.8711795,
    "p75": 4286.23261525,
    "p90": 20182.6462136,
    "p95": 22198.281322799998,
    "p99": 25301.74030636999,
    "min": 1324.730231,
    "max": 31091.134316,
    "std": 6730.794080666877
  },
  "request_count": {
    "unit": "requests",
    "avg": 500.0
  },
  "time_to_first_token": {
    "unit": "ms",
    "avg": 805.767175302,
    "p1": 77.84392331,
    "p5": 87.2061986,
    "p10": 92.0450473,
    "p25": 99.069561,
    "p50": 104.53551949999999,
    "p75": 131.85362525,
    "p90": 2185.5456294,
    "p95": 4163.242209799999,
    "p99": 10785.075234539981,
    "min": 67.94962,
    "max": 17076.980824,
    "std": 2030.0940200458335
  },
  "time_to_second_token": {
    "unit": "ms",
    "avg": 18.942738076,
    "p1": 1.02255532,
    "p5": 6.988604,
    "p10": 7.3139411999999995,
    "p25": 7.617544499999999,
    "p50": 8.0104575,
    "p75": 8.2826075,
    "p90": 8.7930658,
    "p95": 16.962559099999975,
    "p99": 88.39398096999182,
    "min": 0.015609999999999999,
    "max": 1060.11797,
    "std": 100.20975735413471
  },
  "inter_token_latency": {
    "unit": "ms",
    "avg": 13.835165303020641,
    "p1": 8.010111061891346,
    "p5": 8.103456870130803,
    "p10": 8.144425731631706,
    "p25": 8.205365613545816,
    "p50": 8.297253132026876,
    "p75": 8.404063854686123,
    "p90": 38.851532014372026,
    "p95": 41.46176781176372,
    "p99": 49.07131378544711,
    "min": 6.620828966135457,
    "max": 60.65488421578947,
    "std": 12.074404413978819
  },
  "output_token_throughput": {
    "unit": "tokens/sec",
    "avg": 500.79147065239005
  },
  "output_token_throughput_per_user": {
    "unit": "tokens/sec/user",
    "avg": 103.60810094070622,
    "p1": 20.378504953220347,
    "p5": 24.118634894689073,
    "p10": 25.73924025947014,
    "p25": 118.99007377662882,
    "p50": 120.52181432283209,
    "p75": 121.87147821974166,
    "p90": 122.78336533484304,
    "p95": 123.40412447477038,
    "p99": 124.84290868390792,
    "min": 16.486718471711853,
    "max": 151.03848855103328,
    "std": 36.66826968055548
  },
  "output_sequence_length": {
    "unit": "tokens",
    "avg": 412.52,
    "p1": 191.0,
    "p5": 242.0,
    "p10": 263.9,
    "p25": 327.0,
    "p50": 436.0,
    "p75": 503.0,
    "p90": 509.0,
    "p95": 509.0,
    "p99": 509.0,
    "min": 142.0,
    "max": 516.0,
    "std": 97.96734966303825
  },
  "input_sequence_length": {
    "unit": "tokens",
    "avg": 16384.0,
    "p1": 16384.0,
    "p5": 16384.0,
    "p10": 16384.0,
    "p25": 16384.0,
    "p50": 16384.0,
    "p75": 16384.0,
    "p90": 16384.0,
    "p95": 16384.0,
    "p99": 16384.0,
    "min": 16384.0,
    "max": 16384.0,
    "std": 0.0
  },
  "goodput": null,
  "good_request_count": null,
  "output_token_count": {
    "unit": "tokens",
    "avg": 116.36342042755345,
    "p1": 17.6,
    "p5": 37.0,
    "p10": 51.0,
    "p25": 75.0,
    "p50": 107.0,
    "p75": 142.0,
    "p90": 195.0,
    "p95": 253.0,
    "p99": 311.6,
    "min": 1.0,
    "max": 370.0,
    "std": 61.714256037620046
  },
  "reasoning_token_count": {
    "unit": "tokens",
    "avg": 314.542,
    "p1": 84.99,
    "p5": 133.95,
    "p10": 165.8,
    "p25": 219.75,
    "p50": 296.0,
    "p75": 406.5,
    "p90": 509.0,
    "p95": 509.0,
    "p99": 509.0,
    "min": 71.0,
    "max": 516.0,
    "std": 122.1998209327657
  },
  "min_request_timestamp": {
    "unit": "ns",
    "avg": 1.7663486215973322e18
  },
  "max_response_timestamp": {
    "unit": "ns",
    "avg": 1.7663490334653693e18
  },
  "inter_chunk_latency": {
    "unit": "ms",
    "avg": 14.824496508982653,
    "p1": 2.57834062,
    "p5": 7.116561,
    "p10": 7.3388127,
    "p25": 7.5934545,
    "p50": 8.0049535,
    "p75": 8.24470925,
    "p90": 8.672514099999999,
    "p95": 10.635990150000001,
    "p99": 51.785758500000085,
    "min": 0.01098,
    "max": 6087.458774,
    "std": 79.59739066248545
  },
  "total_output_tokens": {
    "unit": "tokens",
    "avg": 48989.0
  },
  "total_reasoning_tokens": {
    "unit": "tokens",
    "avg": 157271.0
  },
  "benchmark_duration": {
    "unit": "sec",
    "avg": 411.86803707200005
  },
  "total_isl": {
    "unit": "tokens",
    "avg": 8192000.0
  },
  "total_osl": {
    "unit": "tokens",
    "avg": 206260.0
  },
  "error_request_count": null,
  "error_isl": null,
  "total_error_isl": null,
  "telemetry_data": {
    "summary": {
      "endpoints_configured": [],
      "endpoints_successful": [],
      "start_time": "2025-12-21T20:23:41.591454",
      "end_time": "2025-12-21T20:30:33.477125"
    },
    "endpoints": {}
  },
  "input_config": {
    "endpoint": {
      "model_names": [
        "openai/gpt-oss-20b"
      ],
      "type": "chat",
      "streaming": true,
      "url": "http://localhost:8000",
      "timeout_seconds": 120.0
    },
    "input": {
      "dataset_sampling_strategy": "shuffle",
      "random_seed": 42,
      "prompt": {
        "input_tokens": {
          "mean": 16384
        },
        "output_tokens": {
          "mean": 512
        }
      }
    },
    "output": {
      "artifact_directory": "/tmp/aiperf_results"
    },
    "loadgen": {
      "concurrency": 8,
      "request_rate_mode": "concurrency_burst",
      "request_count": 500,
      "warmup_request_count": 5
    },
    "cli_command": "aiperf profile --model \"openai/gpt-oss-20b\" --url \"http://localhost:8000\" --output-artifact-dir \"/tmp/aiperf_results\" --random-seed 42 --request-timeout-seconds 120 --endpoint-type \"chat\" --streaming --concurrency 8 --synthetic-input-tokens-mean 16384 --output-tokens-mean 512 --request-count 500 --warmup-request-count 5 --dataset-sampling-strategy \"shuffle\""
  },
  "was_cancelled": false,
  "error_summary": [],
  "start_time": "2025-12-21T20:23:41.591454",
  "end_time": "2025-12-21T20:30:33.477125",
  "time_to_first_output_token": {
    "unit": "ms",
    "avg": 4755.43694195962,
    "p1": 864.2146706,
    "p5": 1271.071219,
    "p10": 1518.5037949999999,
    "p25": 1940.8953709999998,
    "p50": 2574.7671539999997,
    "p75": 3617.484263,
    "p90": 14516.09059,
    "p95": 19189.281403,
    "p99": 21509.2903524,
    "min": 727.208136,
    "max": 28495.110407,
    "std": 5458.568178682924
  },
  "prefill_throughput": {
    "unit": "tokens/sec",
    "avg": 130365.03133672531,
    "p1": 1519.6140975817527,
    "p5": 3935.4007121123204,
    "p10": 7496.526726752365,
    "p25": 124259.34569930437,
    "p50": 156731.41620145895,
    "p75": 165378.75082374527,
    "p90": 178000.83460828208,
    "p95": 187876.65930700034,
    "p99": 210472.43388123708,
    "min": 959.4201790619754,
    "max": 241119.81788860628,
    "std": 62826.56306384585
  }
}