{
  "request_throughput": {
    "unit": "requests/sec",
    "avg": 0.2592220142470112
  },
  "request_latency": {
    "unit": "ms",
    "avg": 15392.977807455998,
    "p1": 4931.35472054,
    "p5": 8277.96367825,
    "p10": 10214.7471339,
    "p25": 12134.007131749999,
    "p50": 15627.2354975,
    "p75": 19022.972917249997,
    "p90": 19574.7638304,
    "p95": 22248.7046342,
    "p99": 24934.308553889998,
    "min": 4227.516764,
    "max": 25077.892757999998,
    "std": 4193.751046165955
  },
  "request_count": {
    "unit": "requests",
    "avg": 500.0
  },
  "time_to_first_token": {
    "unit": "ms",
    "avg": 3211.07007162,
    "p1": 2866.3852851799998,
    "p5": 2870.46762425,
    "p10": 2872.2214796,
    "p25": 2884.1597832499997,
    "p50": 2904.2294994999997,
    "p75": 2909.98794275,
    "p90": 5176.778090899999,
    "p95": 5625.9396618,
    "p99": 5697.597446659999,
    "min": 91.688684,
    "max": 11261.380887,
    "std": 1023.2709735674587
  },
  "time_to_second_token": {
    "unit": "ms",
    "avg": 15.650873254,
    "p1": 9.473118269999999,
    "p5": 10.51933285,
    "p10": 10.639782499999999,
    "p25": 10.806627749999999,
    "p50": 11.018794,
    "p75": 11.21194775,
    "p90": 12.2333013,
    "p95": 22.731364299999996,
    "p99": 31.656738629999765,
    "min": 0.8488199999999999,
    "max": 608.868151,
    "std": 42.874819407444136
  },
  "inter_token_latency": {
    "unit": "ms",
    "avg": 31.275547739494606,
    "p1": 11.271075610123384,
    "p5": 20.482825905313064,
    "p10": 23.47761622124581,
    "p25": 27.58855842081673,
    "p50": 32.10806743585602,
    "p75": 35.40936792530733,
    "p90": 38.646884223749495,
    "p95": 42.2583040930467,
    "p99": 46.514857296966376,
    "min": 10.239572427698574,
    "max": 53.832531255813954,
    "std": 6.883485897974562
  },
  "output_token_throughput": {
    "unit": "tokens/sec",
    "avg": 100.50244869968022
  },
  "output_token_throughput_per_user": {
    "unit": "tokens/sec/user",
    "avg": 34.2804443756674,
    "p1": 21.49851447148691,
    "p5": 23.663988378228982,
    "p10": 25.875310765456256,
    "p25": 28.241114128517626,
    "p50": 31.144820606653816,
    "p75": 36.2469102529543,
    "p90": 42.59429916962075,
    "p95": 48.82150344512326,
    "p99": 88.72267706026355,
    "min": 18.576128163990045,
    "max": 97.66032781749246,
    "std": 11.889939131871511
  },
  "output_sequence_length": {
    "unit": "tokens",
    "avg": 387.708,
    "p1": 162.94,
    "p5": 209.95,
    "p10": 241.0,
    "p25": 299.0,
    "p50": 393.0,
    "p75": 503.0,
    "p90": 503.5000000000001,
    "p95": 509.0,
    "p99": 509.0,
    "min": 83.0,
    "max": 509.0,
    "std": 107.27515432755155
  },
  "input_sequence_length": {
    "unit": "tokens",
    "avg": 32768.01,
    "p1": 32768.0,
    "p5": 32768.0,
    "p10": 32768.0,
    "p25": 32768.0,
    "p50": 32768.0,
    "p75": 32768.0,
    "p90": 32768.0,
    "p95": 32768.0,
    "p99": 32768.01,
    "min": 32768.0,
    "max": 32769.0,
    "std": 0.099498743710662
  },
  "goodput": null,
  "good_request_count": null,
  "output_token_count": {
    "unit": "tokens",
    "avg": 107.12666666666667,
    "p1": 7.49,
    "p5": 30.35000000000001,
    "p10": 44.0,
    "p25": 62.25,
    "p50": 97.0,
    "p75": 134.0,
    "p90": 178.0,
    "p95": 231.0,
    "p99": 363.1999999999998,
    "min": 2.0,
    "max": 448.0,
    "std": 65.45131829586526
  },
  "reasoning_token_count": {
    "unit": "tokens",
    "avg": 291.294,
    "p1": 88.89,
    "p5": 124.95,
    "p10": 142.0,
    "p25": 189.0,
    "p50": 270.5,
    "p75": 386.0,
    "p90": 501.70000000000016,
    "p95": 509.0,
    "p99": 509.0,
    "min": 55.0,
    "max": 509.0,
    "std": 123.6924070588005
  },
  "min_request_timestamp": {
    "unit": "ns",
    "avg": 1.7660980385066414e18
  },
  "max_response_timestamp": {
    "unit": "ns",
    "avg": 1.766099967355167e18
  },
  "inter_chunk_latency": {
    "unit": "ms",
    "avg": 32.234432349612085,
    "p1": 9.41217883,
    "p5": 10.5218803,
    "p10": 10.6435574,
    "p25": 10.82142475,
    "p50": 11.021877499999999,
    "p75": 11.22720575,
    "p90": 11.521163699999999,
    "p95": 16.253344899999995,
    "p99": 778.27584839,
    "min": 0.008853999999999999,
    "max": 2881.648938,
    "std": 124.39815620360427
  },
  "total_output_tokens": {
    "unit": "tokens",
    "avg": 48207.0
  },
  "total_reasoning_tokens": {
    "unit": "tokens",
    "avg": 145647.0
  },
  "benchmark_duration": {
    "unit": "sec",
    "avg": 1928.8485256640001
  },
  "total_isl": {
    "unit": "tokens",
    "avg": 16384005.0
  },
  "total_osl": {
    "unit": "tokens",
    "avg": 193854.0
  },
  "error_request_count": null,
  "error_isl": null,
  "total_error_isl": null,
  "telemetry_data": {
    "summary": {
      "endpoints_configured": [],
      "endpoints_successful": [],
      "start_time": "2025-12-18T22:47:18.503863",
      "end_time": "2025-12-18T23:19:27.372623"
    },
    "endpoints": {}
  },
  "input_config": {
    "endpoint": {
      "model_names": [
        "openai/gpt-oss-20b"
      ],
      "type": "chat",
      "streaming": true,
      "url": "http://localhost:8000",
      "timeout_seconds": 120.0
    },
    "input": {
      "dataset_sampling_strategy": "shuffle",
      "random_seed": 42,
      "prompt": {
        "input_tokens": {
          "mean": 32768
        },
        "output_tokens": {
          "mean": 512
        }
      }
    },
    "output": {
      "artifact_directory": "/tmp/aiperf_results"
    },
    "loadgen": {
      "concurrency": 4,
      "request_rate_mode": "concurrency_burst",
      "request_count": 500,
      "warmup_request_count": 5
    },
    "cli_command": "aiperf profile --model \"openai/gpt-oss-20b\" --url \"http://localhost:8000\" --output-artifact-dir \"/tmp/aiperf_results\" --random-seed 42 --request-timeout-seconds 120 --endpoint-type \"chat\" --streaming --concurrency 4 --synthetic-input-tokens-mean 32768 --output-tokens-mean 512 --request-count 500 --warmup-request-count 5 --dataset-sampling-strategy \"shuffle\""
  },
  "was_cancelled": false,
  "error_summary": [],
  "start_time": "2025-12-18T22:47:18.503863",
  "end_time": "2025-12-18T23:19:27.372623",
  "time_to_first_output_token": {
    "unit": "ms",
    "avg": 11715.075487077778,
    "p1": 4223.50178671,
    "p5": 4923.6760786,
    "p10": 7032.696156,
    "p25": 8241.86192025,
    "p50": 11370.620421,
    "p75": 14661.349984249999,
    "p90": 17252.9600904,
    "p95": 18792.5934021,
    "p99": 21292.034050309998,
    "min": 3553.906888,
    "max": 24704.07912,
    "std": 4056.12484088781
  },
  "prefill_throughput": {
    "unit": "tokens/sec",
    "avg": 12545.496699244732,
    "p1": 5751.199735234206,
    "p5": 5824.449248155794,
    "p10": 6329.805811132872,
    "p25": 11260.527761213125,
    "p50": 11282.854886521844,
    "p75": 11361.367768877826,
    "p90": 11408.590962101092,
    "p95": 11415.561606580553,
    "p99": 11431.81977998355,
    "min": 2909.7674902220006,
    "max": 357383.25135084277,
    "std": 24424.2195240904
  }
}